Council area,Year,ICD codes,Cause,Cause label,Number,Percent,Sex,Total deaths
Aberdeen City,2018,I20-I25                                                                              ,Ischaemic heart diseases                                                                             ,ischaemic heart diseases,136,12.3,Male,1107
Aberdeen City,2018,"F01, F03, G30                                                                        ",Dementia and Alzheimer Disease                                                                       ,dementia and Alzheimer's disease,89,8,Male,1107
Aberdeen City,2018,C33-C34                                                                              ,"Malignant neoplasm of trachea, bronchus and lung                                                     ",lung cancer,87,7.9,Male,1107
Aberdeen City,2018,I60-I69                                                                              ,Cerebrovascular disease                                                                              ,cerebrovascular disease,76,6.9,Male,1107
Aberdeen City,2018,J40-J47                                                                              ,Chronic lower respiratory diseases                                                                   ,chronic lower respiratory diseases,50,4.5,Male,1107
Aberdeen City,2018,"F01, F03, G30                                                                        ",Dementia and Alzheimer Disease                                                                       ,dementia and Alzheimer's disease,140,13.2,Female,1063
Aberdeen City,2018,I60-I69                                                                              ,Cerebrovascular disease                                                                              ,cerebrovascular disease,104,9.8,Female,1063
Aberdeen City,2018,I20-I25                                                                              ,Ischaemic heart diseases                                                                             ,ischaemic heart diseases,98,9.2,Female,1063
Aberdeen City,2018,C33-C34                                                                              ,"Malignant neoplasm of trachea, bronchus and lung                                                     ",lung cancer,68,6.4,Female,1063
Aberdeen City,2018,J40-J47                                                                              ,Chronic lower respiratory diseases                                                                   ,chronic lower respiratory diseases,60,5.6,Female,1063
Aberdeenshire,2018,I20-I25                                                                              ,Ischaemic heart diseases                                                                             ,ischaemic heart diseases,173,13.6,Male,1275
Aberdeenshire,2018,I60-I69                                                                              ,Cerebrovascular disease                                                                              ,cerebrovascular disease,95,7.5,Male,1275
Aberdeenshire,2018,C33-C34                                                                              ,"Malignant neoplasm of trachea, bronchus and lung                                                     ",lung cancer,86,6.7,Male,1275
Aberdeenshire,2018,"F01, F03, G30                                                                        ",Dementia and Alzheimer Disease                                                                       ,dementia and Alzheimer's disease,86,6.7,Male,1275
Aberdeenshire,2018,C18-C21                                                                              ,"Malignant neoplasm of colon, sigmoid, rectum and anus                                                ",bowel cancer,59,4.6,Male,1275
Aberdeenshire,2018,"F01, F03, G30                                                                        ",Dementia and Alzheimer Disease                                                                       ,dementia and Alzheimer's disease,173,14.6,Female,1187
Aberdeenshire,2018,I20-I25                                                                              ,Ischaemic heart diseases                                                                             ,ischaemic heart diseases,136,11.5,Female,1187
Aberdeenshire,2018,I60-I69                                                                              ,Cerebrovascular disease                                                                              ,cerebrovascular disease,81,6.8,Female,1187
Aberdeenshire,2018,C33-C34                                                                              ,"Malignant neoplasm of trachea, bronchus and lung                                                     ",lung cancer,64,5.4,Female,1187
Aberdeenshire,2018,J09-J18                                                                              ,Influenza and pneumonia                                                                              ,influenza and pneumonia,57,4.8,Female,1187
Angus,2018,I20-I25                                                                              ,Ischaemic heart diseases                                                                             ,ischaemic heart diseases,84,13,Male,648
Angus,2018,"F01, F03, G30                                                                        ",Dementia and Alzheimer Disease                                                                       ,dementia and Alzheimer's disease,50,7.7,Male,648
Angus,2018,I60-I69                                                                              ,Cerebrovascular disease                                                                              ,cerebrovascular disease,37,5.7,Male,648
Angus,2018,C33-C34                                                                              ,"Malignant neoplasm of trachea, bronchus and lung                                                     ",lung cancer,36,5.6,Male,648
Angus,2018,J40-J47                                                                              ,Chronic lower respiratory diseases                                                                   ,chronic lower respiratory diseases,33,5.1,Male,648
Angus,2018,"F01, F03, G30                                                                        ",Dementia and Alzheimer Disease                                                                       ,dementia and Alzheimer's disease,124,17.2,Female,719
Angus,2018,I20-I25                                                                              ,Ischaemic heart diseases                                                                             ,ischaemic heart diseases,64,8.9,Female,719
Angus,2018,I60-I69                                                                              ,Cerebrovascular disease                                                                              ,cerebrovascular disease,46,6.4,Female,719
Angus,2018,C33-C34                                                                              ,"Malignant neoplasm of trachea, bronchus and lung                                                     ",lung cancer,45,6.3,Female,719
Angus,2018,J40-J47                                                                              ,Chronic lower respiratory diseases                                                                   ,chronic lower respiratory diseases,39,5.4,Female,719
Argyll and Bute,2018,I20-I25                                                                              ,Ischaemic heart diseases                                                                             ,ischaemic heart diseases,74,14.6,Male,507
Argyll and Bute,2018,"F01, F03, G30                                                                        ",Dementia and Alzheimer Disease                                                                       ,dementia and Alzheimer's disease,43,8.5,Male,507
Argyll and Bute,2018,C33-C34                                                                              ,"Malignant neoplasm of trachea, bronchus and lung                                                     ",lung cancer,33,6.5,Male,507
Argyll and Bute,2018,J40-J47                                                                              ,Chronic lower respiratory diseases                                                                   ,chronic lower respiratory diseases,21,4.1,Male,507
Argyll and Bute,2018,I60-I69                                                                              ,Cerebrovascular disease                                                                              ,cerebrovascular disease,20,3.9,Male,507
Argyll and Bute,2018,"F01, F03, G30                                                                        ",Dementia and Alzheimer Disease                                                                       ,dementia and Alzheimer's disease,109,17.8,Female,614
Argyll and Bute,2018,I20-I25                                                                              ,Ischaemic heart diseases                                                                             ,ischaemic heart diseases,61,9.9,Female,614
Argyll and Bute,2018,I60-I69                                                                              ,Cerebrovascular disease                                                                              ,cerebrovascular disease,42,6.8,Female,614
Argyll and Bute,2018,C33-C34                                                                              ,"Malignant neoplasm of trachea, bronchus and lung                                                     ",lung cancer,31,5,Female,614
Argyll and Bute,2018,J40-J47                                                                              ,Chronic lower respiratory diseases                                                                   ,chronic lower respiratory diseases,25,4.1,Female,614
City of Edinburgh,2018,I20-I25                                                                              ,Ischaemic heart diseases                                                                             ,ischaemic heart diseases,278,13.1,Male,2127
City of Edinburgh,2018,"F01, F03, G30                                                                        ",Dementia and Alzheimer Disease                                                                       ,dementia and Alzheimer's disease,160,7.5,Male,2127
City of Edinburgh,2018,C33-C34                                                                              ,"Malignant neoplasm of trachea, bronchus and lung                                                     ",lung cancer,141,6.6,Male,2127
City of Edinburgh,2018,I60-I69                                                                              ,Cerebrovascular disease                                                                              ,cerebrovascular disease,115,5.4,Male,2127
City of Edinburgh,2018,J40-J47                                                                              ,Chronic lower respiratory diseases                                                                   ,chronic lower respiratory diseases,109,5.1,Male,2127
City of Edinburgh,2018,"F01, F03, G30                                                                        ",Dementia and Alzheimer Disease                                                                       ,dementia and Alzheimer's disease,353,15.1,Female,2340
City of Edinburgh,2018,I20-I25                                                                              ,Ischaemic heart diseases                                                                             ,ischaemic heart diseases,190,8.1,Female,2340
City of Edinburgh,2018,I60-I69                                                                              ,Cerebrovascular disease                                                                              ,cerebrovascular disease,189,8.1,Female,2340
City of Edinburgh,2018,J40-J47                                                                              ,Chronic lower respiratory diseases                                                                   ,chronic lower respiratory diseases,157,6.7,Female,2340
City of Edinburgh,2018,C33-C34                                                                              ,"Malignant neoplasm of trachea, bronchus and lung                                                     ",lung cancer,142,6.1,Female,2340
Clackmannanshire,2018,I20-I25                                                                              ,Ischaemic heart diseases                                                                             ,ischaemic heart diseases,39,14.4,Male,270
Clackmannanshire,2018,C33-C34                                                                              ,"Malignant neoplasm of trachea, bronchus and lung                                                     ",lung cancer,26,9.6,Male,270
Clackmannanshire,2018,"F01, F03, G30                                                                        ",Dementia and Alzheimer Disease                                                                       ,dementia and Alzheimer's disease,16,5.9,Male,270
Clackmannanshire,2018,I60-I69                                                                              ,Cerebrovascular disease                                                                              ,cerebrovascular disease,15,5.6,Male,270
Clackmannanshire,2018,J40-J47                                                                              ,Chronic lower respiratory diseases                                                                   ,chronic lower respiratory diseases,14,5.2,Male,270
Clackmannanshire,2018,"F01, F03, G30                                                                        ",Dementia and Alzheimer Disease                                                                       ,dementia and Alzheimer's disease,29,11.3,Female,256
Clackmannanshire,2018,I20-I25                                                                              ,Ischaemic heart diseases                                                                             ,ischaemic heart diseases,25,9.8,Female,256
Clackmannanshire,2018,C33-C34                                                                              ,"Malignant neoplasm of trachea, bronchus and lung                                                     ",lung cancer,23,9,Female,256
Clackmannanshire,2018,I60-I69                                                                              ,Cerebrovascular disease                                                                              ,cerebrovascular disease,15,5.9,Female,256
Clackmannanshire,2018,J09-J18                                                                              ,Influenza and pneumonia                                                                              ,influenza and pneumonia,14,5.5,Female,256
Dumfries and Galloway,2018,I20-I25                                                                              ,Ischaemic heart diseases                                                                             ,ischaemic heart diseases,114,12.2,Male,938
Dumfries and Galloway,2018,"F01, F03, G30                                                                        ",Dementia and Alzheimer Disease                                                                       ,dementia and Alzheimer's disease,91,9.7,Male,938
Dumfries and Galloway,2018,I60-I69                                                                              ,Cerebrovascular disease                                                                              ,cerebrovascular disease,57,6.1,Male,938
Dumfries and Galloway,2018,C33-C34                                                                              ,"Malignant neoplasm of trachea, bronchus and lung                                                     ",lung cancer,54,5.8,Male,938
Dumfries and Galloway,2018,J40-J47                                                                              ,Chronic lower respiratory diseases                                                                   ,chronic lower respiratory diseases,50,5.3,Male,938
Dumfries and Galloway,2018,"F01, F03, G30                                                                        ",Dementia and Alzheimer Disease                                                                       ,dementia and Alzheimer's disease,160,15.8,Female,1012
Dumfries and Galloway,2018,I20-I25                                                                              ,Ischaemic heart diseases                                                                             ,ischaemic heart diseases,91,9,Female,1012
Dumfries and Galloway,2018,I60-I69                                                                              ,Cerebrovascular disease                                                                              ,cerebrovascular disease,85,8.4,Female,1012
Dumfries and Galloway,2018,C33-C34                                                                              ,"Malignant neoplasm of trachea, bronchus and lung                                                     ",lung cancer,68,6.7,Female,1012
Dumfries and Galloway,2018,J40-J47                                                                              ,Chronic lower respiratory diseases                                                                   ,chronic lower respiratory diseases,64,6.3,Female,1012
Dundee City,2018,I20-I25                                                                              ,Ischaemic heart diseases                                                                             ,ischaemic heart diseases,124,14.9,Male,834
Dundee City,2018,"F01, F03, G30                                                                        ",Dementia and Alzheimer Disease                                                                       ,dementia and Alzheimer's disease,73,8.8,Male,834
Dundee City,2018,J40-J47                                                                              ,Chronic lower respiratory diseases                                                                   ,chronic lower respiratory diseases,56,6.7,Male,834
Dundee City,2018,C33-C34                                                                              ,"Malignant neoplasm of trachea, bronchus and lung                                                     ",lung cancer,52,6.2,Male,834
Dundee City,2018,X40-X49                                                                              ,Accidental poisoning                                                                                 ,accidental poisoning                                                                                 ,43,5.2,Male,834
Dundee City,2018,"F01, F03, G30                                                                        ",Dementia and Alzheimer Disease                                                                       ,dementia and Alzheimer's disease,147,16.6,Female,887
Dundee City,2018,I60-I69                                                                              ,Cerebrovascular disease                                                                              ,cerebrovascular disease,66,7.4,Female,887
Dundee City,2018,C33-C34                                                                              ,"Malignant neoplasm of trachea, bronchus and lung                                                     ",lung cancer,60,6.8,Female,887
Dundee City,2018,I20-I25                                                                              ,Ischaemic heart diseases                                                                             ,ischaemic heart diseases,59,6.7,Female,887
Dundee City,2018,J40-J47                                                                              ,Chronic lower respiratory diseases                                                                   ,chronic lower respiratory diseases,58,6.5,Female,887
East Ayrshire,2018,I20-I25                                                                              ,Ischaemic heart diseases                                                                             ,ischaemic heart diseases,129,17.3,Male,744
East Ayrshire,2018,C33-C34                                                                              ,"Malignant neoplasm of trachea, bronchus and lung                                                     ",lung cancer,49,6.6,Male,744
East Ayrshire,2018,"F01, F03, G30                                                                        ",Dementia and Alzheimer Disease                                                                       ,dementia and Alzheimer's disease,48,6.5,Male,744
East Ayrshire,2018,J40-J47                                                                              ,Chronic lower respiratory diseases                                                                   ,chronic lower respiratory diseases,42,5.6,Male,744
East Ayrshire,2018,I60-I69                                                                              ,Cerebrovascular disease                                                                              ,cerebrovascular disease,36,4.8,Male,744
East Ayrshire,2018,I20-I25                                                                              ,Ischaemic heart diseases                                                                             ,ischaemic heart diseases,85,11.2,Female,760
East Ayrshire,2018,"F01, F03, G30                                                                        ",Dementia and Alzheimer Disease                                                                       ,dementia and Alzheimer's disease,82,10.8,Female,760
East Ayrshire,2018,I60-I69                                                                              ,Cerebrovascular disease                                                                              ,cerebrovascular disease,60,7.9,Female,760
East Ayrshire,2018,J40-J47                                                                              ,Chronic lower respiratory diseases                                                                   ,chronic lower respiratory diseases,59,7.8,Female,760
East Ayrshire,2018,C33-C34                                                                              ,"Malignant neoplasm of trachea, bronchus and lung                                                     ",lung cancer,55,7.2,Female,760
East Dunbartonshire,2018,I20-I25                                                                              ,Ischaemic heart diseases                                                                             ,ischaemic heart diseases,78,14.7,Male,532
East Dunbartonshire,2018,"F01, F03, G30                                                                        ",Dementia and Alzheimer Disease                                                                       ,dementia and Alzheimer's disease,42,7.9,Male,532
East Dunbartonshire,2018,I60-I69                                                                              ,Cerebrovascular disease                                                                              ,cerebrovascular disease,35,6.6,Male,532
East Dunbartonshire,2018,C33-C34                                                                              ,"Malignant neoplasm of trachea, bronchus and lung                                                     ",lung cancer,32,6,Male,532
East Dunbartonshire,2018,J40-J47                                                                              ,Chronic lower respiratory diseases                                                                   ,chronic lower respiratory diseases,23,4.3,Male,532
East Dunbartonshire,2018,"F01, F03, G30                                                                        ",Dementia and Alzheimer Disease                                                                       ,dementia and Alzheimer's disease,89,16.7,Female,534
East Dunbartonshire,2018,I60-I69                                                                              ,Cerebrovascular disease                                                                              ,cerebrovascular disease,44,8.2,Female,534
East Dunbartonshire,2018,I20-I25                                                                              ,Ischaemic heart diseases                                                                             ,ischaemic heart diseases,42,7.9,Female,534
East Dunbartonshire,2018,C33-C34                                                                              ,"Malignant neoplasm of trachea, bronchus and lung                                                     ",lung cancer,30,5.6,Female,534
East Dunbartonshire,2018,J09-J18                                                                              ,Influenza and pneumonia                                                                              ,influenza and pneumonia,26,4.9,Female,534
East Lothian,2018,I20-I25                                                                              ,Ischaemic heart diseases                                                                             ,ischaemic heart diseases,65,12.8,Male,509
East Lothian,2018,"F01, F03, G30                                                                        ",Dementia and Alzheimer Disease                                                                       ,dementia and Alzheimer's disease,58,11.4,Male,509
East Lothian,2018,I60-I69                                                                              ,Cerebrovascular disease                                                                              ,cerebrovascular disease,41,8.1,Male,509
East Lothian,2018,J40-J47                                                                              ,Chronic lower respiratory diseases                                                                   ,chronic lower respiratory diseases,32,6.3,Male,509
East Lothian,2018,C33-C34                                                                              ,"Malignant neoplasm of trachea, bronchus and lung                                                     ",lung cancer,20,3.9,Male,509
East Lothian,2018,"F01, F03, G30                                                                        ",Dementia and Alzheimer Disease                                                                       ,dementia and Alzheimer's disease,99,17.8,Female,556
East Lothian,2018,I20-I25                                                                              ,Ischaemic heart diseases                                                                             ,ischaemic heart diseases,49,8.8,Female,556
East Lothian,2018,J40-J47                                                                              ,Chronic lower respiratory diseases                                                                   ,chronic lower respiratory diseases,39,7,Female,556
East Lothian,2018,C33-C34                                                                              ,"Malignant neoplasm of trachea, bronchus and lung                                                     ",lung cancer,38,6.8,Female,556
East Lothian,2018,I60-I69                                                                              ,Cerebrovascular disease                                                                              ,cerebrovascular disease,37,6.7,Female,556
East Renfrewshire,2018,I20-I25                                                                              ,Ischaemic heart diseases                                                                             ,ischaemic heart diseases,58,13.3,Male,437
East Renfrewshire,2018,"F01, F03, G30                                                                        ",Dementia and Alzheimer Disease                                                                       ,dementia and Alzheimer's disease,42,9.6,Male,437
East Renfrewshire,2018,C33-C34                                                                              ,"Malignant neoplasm of trachea, bronchus and lung                                                     ",lung cancer,30,6.9,Male,437
East Renfrewshire,2018,J09-J18                                                                              ,Influenza and pneumonia                                                                              ,influenza and pneumonia,26,5.9,Male,437
East Renfrewshire,2018,C61                                                                                  ,Malignant neoplasm of prostate                                                                       ,prostate cancer,25,5.7,Male,437
East Renfrewshire,2018,"F01, F03, G30                                                                        ",Dementia and Alzheimer Disease                                                                       ,dementia and Alzheimer's disease,69,14.6,Female,472
East Renfrewshire,2018,I60-I69                                                                              ,Cerebrovascular disease                                                                              ,cerebrovascular disease,43,9.1,Female,472
East Renfrewshire,2018,J40-J47                                                                              ,Chronic lower respiratory diseases                                                                   ,chronic lower respiratory diseases,33,7,Female,472
East Renfrewshire,2018,I20-I25                                                                              ,Ischaemic heart diseases                                                                             ,ischaemic heart diseases,26,5.5,Female,472
East Renfrewshire,2018,C33-C34                                                                              ,"Malignant neoplasm of trachea, bronchus and lung                                                     ",lung cancer,25,5.3,Female,472
Falkirk,2018,I20-I25                                                                              ,Ischaemic heart diseases                                                                             ,ischaemic heart diseases,123,14.4,Male,853
Falkirk,2018,"F01, F03, G30                                                                        ",Dementia and Alzheimer Disease                                                                       ,dementia and Alzheimer's disease,69,8.1,Male,853
Falkirk,2018,C33-C34                                                                              ,"Malignant neoplasm of trachea, bronchus and lung                                                     ",lung cancer,67,7.9,Male,853
Falkirk,2018,I60-I69                                                                              ,Cerebrovascular disease                                                                              ,cerebrovascular disease,43,5,Male,853
Falkirk,2018,J40-J47                                                                              ,Chronic lower respiratory diseases                                                                   ,chronic lower respiratory diseases,38,4.5,Male,853
Falkirk,2018,"F01, F03, G30                                                                        ",Dementia and Alzheimer Disease                                                                       ,dementia and Alzheimer's disease,145,16,Female,908
Falkirk,2018,I20-I25                                                                              ,Ischaemic heart diseases                                                                             ,ischaemic heart diseases,80,8.8,Female,908
Falkirk,2018,I60-I69                                                                              ,Cerebrovascular disease                                                                              ,cerebrovascular disease,69,7.6,Female,908
Falkirk,2018,C33-C34                                                                              ,"Malignant neoplasm of trachea, bronchus and lung                                                     ",lung cancer,60,6.6,Female,908
Falkirk,2018,J40-J47                                                                              ,Chronic lower respiratory diseases                                                                   ,chronic lower respiratory diseases,53,5.8,Female,908
Fife,2018,I20-I25                                                                              ,Ischaemic heart diseases                                                                             ,ischaemic heart diseases,294,14.8,Male,1991
Fife,2018,"F01, F03, G30                                                                        ",Dementia and Alzheimer Disease                                                                       ,dementia and Alzheimer's disease,160,8,Male,1991
Fife,2018,C33-C34                                                                              ,"Malignant neoplasm of trachea, bronchus and lung                                                     ",lung cancer,140,7,Male,1991
Fife,2018,I60-I69                                                                              ,Cerebrovascular disease                                                                              ,cerebrovascular disease,111,5.6,Male,1991
Fife,2018,J40-J47                                                                              ,Chronic lower respiratory diseases                                                                   ,chronic lower respiratory diseases,102,5.1,Male,1991
Fife,2018,"F01, F03, G30                                                                        ",Dementia and Alzheimer Disease                                                                       ,dementia and Alzheimer's disease,299,14.7,Female,2037
Fife,2018,I20-I25                                                                              ,Ischaemic heart diseases                                                                             ,ischaemic heart diseases,177,8.7,Female,2037
Fife,2018,I60-I69                                                                              ,Cerebrovascular disease                                                                              ,cerebrovascular disease,152,7.5,Female,2037
Fife,2018,C33-C34                                                                              ,"Malignant neoplasm of trachea, bronchus and lung                                                     ",lung cancer,147,7.2,Female,2037
Fife,2018,J40-J47                                                                              ,Chronic lower respiratory diseases                                                                   ,chronic lower respiratory diseases,141,6.9,Female,2037
Glasgow City,2018,I20-I25                                                                              ,Ischaemic heart diseases                                                                             ,ischaemic heart diseases,411,13,Male,3163
Glasgow City,2018,C33-C34                                                                              ,"Malignant neoplasm of trachea, bronchus and lung                                                     ",lung cancer,250,7.9,Male,3163
Glasgow City,2018,X40-X49                                                                              ,Accidental poisoning                                                                                 ,accidental poisoning                                                                                 ,192,6.1,Male,3163
Glasgow City,2018,"F01, F03, G30                                                                        ",Dementia and Alzheimer Disease                                                                       ,dementia and Alzheimer's disease,186,5.9,Male,3163
Glasgow City,2018,J40-J47                                                                              ,Chronic lower respiratory diseases                                                                   ,chronic lower respiratory diseases,172,5.4,Male,3163
Glasgow City,2018,"F01, F03, G30                                                                        ",Dementia and Alzheimer Disease                                                                       ,dementia and Alzheimer's disease,431,13.3,Female,3250
Glasgow City,2018,J40-J47                                                                              ,Chronic lower respiratory diseases                                                                   ,chronic lower respiratory diseases,267,8.2,Female,3250
Glasgow City,2018,C33-C34                                                                              ,"Malignant neoplasm of trachea, bronchus and lung                                                     ",lung cancer,266,8.2,Female,3250
Glasgow City,2018,I20-I25                                                                              ,Ischaemic heart diseases                                                                             ,ischaemic heart diseases,251,7.7,Female,3250
Glasgow City,2018,I60-I69                                                                              ,Cerebrovascular disease                                                                              ,cerebrovascular disease,206,6.3,Female,3250
Highland,2018,I20-I25                                                                              ,Ischaemic heart diseases                                                                             ,ischaemic heart diseases,190,14.3,Male,1325
Highland,2018,"F01, F03, G30                                                                        ",Dementia and Alzheimer Disease                                                                       ,dementia and Alzheimer's disease,101,7.6,Male,1325
Highland,2018,I60-I69                                                                              ,Cerebrovascular disease                                                                              ,cerebrovascular disease,74,5.6,Male,1325
Highland,2018,J40-J47                                                                              ,Chronic lower respiratory diseases                                                                   ,chronic lower respiratory diseases,73,5.5,Male,1325
Highland,2018,C33-C34                                                                              ,"Malignant neoplasm of trachea, bronchus and lung                                                     ",lung cancer,70,5.3,Male,1325
Highland,2018,"F01, F03, G30                                                                        ",Dementia and Alzheimer Disease                                                                       ,dementia and Alzheimer's disease,172,12.8,Female,1341
Highland,2018,I20-I25                                                                              ,Ischaemic heart diseases                                                                             ,ischaemic heart diseases,122,9.1,Female,1341
Highland,2018,I60-I69                                                                              ,Cerebrovascular disease                                                                              ,cerebrovascular disease,120,8.9,Female,1341
Highland,2018,J40-J47                                                                              ,Chronic lower respiratory diseases                                                                   ,chronic lower respiratory diseases,80,6,Female,1341
Highland,2018,C33-C34                                                                              ,"Malignant neoplasm of trachea, bronchus and lung                                                     ",lung cancer,69,5.1,Female,1341
Inverclyde,2018,I20-I25                                                                              ,Ischaemic heart diseases                                                                             ,ischaemic heart diseases,79,15.6,Male,507
Inverclyde,2018,"F01, F03, G30                                                                        ",Dementia and Alzheimer Disease                                                                       ,dementia and Alzheimer's disease,49,9.7,Male,507
Inverclyde,2018,C33-C34                                                                              ,"Malignant neoplasm of trachea, bronchus and lung                                                     ",lung cancer,34,6.7,Male,507
Inverclyde,2018,I60-I69                                                                              ,Cerebrovascular disease                                                                              ,cerebrovascular disease,25,4.9,Male,507
Inverclyde,2018,J40-J47                                                                              ,Chronic lower respiratory diseases                                                                   ,chronic lower respiratory diseases,25,4.9,Male,507
Inverclyde,2018,"F01, F03, G30                                                                        ",Dementia and Alzheimer Disease                                                                       ,dementia and Alzheimer's disease,94,16.6,Female,567
Inverclyde,2018,J40-J47                                                                              ,Chronic lower respiratory diseases                                                                   ,chronic lower respiratory diseases,49,8.6,Female,567
Inverclyde,2018,I20-I25                                                                              ,Ischaemic heart diseases                                                                             ,ischaemic heart diseases,43,7.6,Female,567
Inverclyde,2018,I60-I69                                                                              ,Cerebrovascular disease                                                                              ,cerebrovascular disease,42,7.4,Female,567
Inverclyde,2018,C33-C34                                                                              ,"Malignant neoplasm of trachea, bronchus and lung                                                     ",lung cancer,31,5.5,Female,567
Midlothian,2018,I20-I25                                                                              ,Ischaemic heart diseases                                                                             ,ischaemic heart diseases,56,12.6,Male,445
Midlothian,2018,C33-C34                                                                              ,"Malignant neoplasm of trachea, bronchus and lung                                                     ",lung cancer,35,7.9,Male,445
Midlothian,2018,"F01, F03, G30                                                                        ",Dementia and Alzheimer Disease                                                                       ,dementia and Alzheimer's disease,34,7.6,Male,445
Midlothian,2018,J40-J47                                                                              ,Chronic lower respiratory diseases                                                                   ,chronic lower respiratory diseases,30,6.7,Male,445
Midlothian,2018,I60-I69                                                                              ,Cerebrovascular disease                                                                              ,cerebrovascular disease,20,4.5,Male,445
Midlothian,2018,"F01, F03, G30                                                                        ",Dementia and Alzheimer Disease                                                                       ,dementia and Alzheimer's disease,71,16.2,Female,439
Midlothian,2018,I20-I25                                                                              ,Ischaemic heart diseases                                                                             ,ischaemic heart diseases,50,11.4,Female,439
Midlothian,2018,I60-I69                                                                              ,Cerebrovascular disease                                                                              ,cerebrovascular disease,36,8.2,Female,439
Midlothian,2018,J40-J47                                                                              ,Chronic lower respiratory diseases                                                                   ,chronic lower respiratory diseases,24,5.5,Female,439
Midlothian,2018,C33-C34                                                                              ,"Malignant neoplasm of trachea, bronchus and lung                                                     ",lung cancer,22,5,Female,439
Moray,2018,I20-I25                                                                              ,Ischaemic heart diseases                                                                             ,ischaemic heart diseases,79,15.7,Male,504
Moray,2018,"F01, F03, G30                                                                        ",Dementia and Alzheimer Disease                                                                       ,dementia and Alzheimer's disease,37,7.3,Male,504
Moray,2018,C33-C34                                                                              ,"Malignant neoplasm of trachea, bronchus and lung                                                     ",lung cancer,33,6.5,Male,504
Moray,2018,I60-I69                                                                              ,Cerebrovascular disease                                                                              ,cerebrovascular disease,31,6.2,Male,504
Moray,2018,J09-J18                                                                              ,Influenza and pneumonia                                                                              ,influenza and pneumonia,22,4.4,Male,504
Moray,2018,"F01, F03, G30                                                                        ",Dementia and Alzheimer Disease                                                                       ,dementia and Alzheimer's disease,71,12.4,Female,574
Moray,2018,I60-I69                                                                              ,Cerebrovascular disease                                                                              ,cerebrovascular disease,52,9.1,Female,574
Moray,2018,C33-C34                                                                              ,"Malignant neoplasm of trachea, bronchus and lung                                                     ",lung cancer,47,8.2,Female,574
Moray,2018,I20-I25                                                                              ,Ischaemic heart diseases                                                                             ,ischaemic heart diseases,46,8,Female,574
Moray,2018,J40-J47                                                                              ,Chronic lower respiratory diseases                                                                   ,chronic lower respiratory diseases,33,5.7,Female,574
Na h-Eileanan Siar,2018,I20-I25                                                                              ,Ischaemic heart diseases                                                                             ,ischaemic heart diseases,29,16.2,Male,179
Na h-Eileanan Siar,2018,I60-I69                                                                              ,Cerebrovascular disease                                                                              ,cerebrovascular disease,16,8.9,Male,179
Na h-Eileanan Siar,2018,C33-C34                                                                              ,"Malignant neoplasm of trachea, bronchus and lung                                                     ",lung cancer,15,8.4,Male,179
Na h-Eileanan Siar,2018,"F01, F03, G30                                                                        ",Dementia and Alzheimer Disease                                                                       ,dementia and Alzheimer's disease,11,6.1,Male,179
Na h-Eileanan Siar,2018,C61                                                                                  ,Malignant neoplasm of prostate                                                                       ,prostate cancer,9,5,Male,179
Na h-Eileanan Siar,2018,"F01, F03, G30                                                                        ",Dementia and Alzheimer Disease                                                                       ,dementia and Alzheimer's disease,30,16.9,Female,177
Na h-Eileanan Siar,2018,I20-I25                                                                              ,Ischaemic heart diseases                                                                             ,ischaemic heart diseases,20,11.3,Female,177
Na h-Eileanan Siar,2018,I60-I69                                                                              ,Cerebrovascular disease                                                                              ,cerebrovascular disease,15,8.5,Female,177
Na h-Eileanan Siar,2018,C33-C34                                                                              ,"Malignant neoplasm of trachea, bronchus and lung                                                     ",lung cancer,12,6.8,Female,177
Na h-Eileanan Siar,2018,J09-J18                                                                              ,Influenza and pneumonia                                                                              ,influenza and pneumonia,9,5.1,Female,177
North Ayrshire,2018,I20-I25                                                                              ,Ischaemic heart diseases                                                                             ,ischaemic heart diseases,142,17.3,Male,823
North Ayrshire,2018,C33-C34                                                                              ,"Malignant neoplasm of trachea, bronchus and lung                                                     ",lung cancer,65,7.9,Male,823
North Ayrshire,2018,I60-I69                                                                              ,Cerebrovascular disease                                                                              ,cerebrovascular disease,56,6.8,Male,823
North Ayrshire,2018,"F01, F03, G30                                                                        ",Dementia and Alzheimer Disease                                                                       ,dementia and Alzheimer's disease,49,6,Male,823
North Ayrshire,2018,J40-J47                                                                              ,Chronic lower respiratory diseases                                                                   ,chronic lower respiratory diseases,43,5.2,Male,823
North Ayrshire,2018,"F01, F03, G30                                                                        ",Dementia and Alzheimer Disease                                                                       ,dementia and Alzheimer's disease,100,11,Female,912
North Ayrshire,2018,I20-I25                                                                              ,Ischaemic heart diseases                                                                             ,ischaemic heart diseases,84,9.2,Female,912
North Ayrshire,2018,J40-J47                                                                              ,Chronic lower respiratory diseases                                                                   ,chronic lower respiratory diseases,78,8.6,Female,912
North Ayrshire,2018,I60-I69                                                                              ,Cerebrovascular disease                                                                              ,cerebrovascular disease,74,8.1,Female,912
North Ayrshire,2018,C33-C34                                                                              ,"Malignant neoplasm of trachea, bronchus and lung                                                     ",lung cancer,62,6.8,Female,912
North Lanarkshire,2018,I20-I25                                                                              ,Ischaemic heart diseases                                                                             ,ischaemic heart diseases,231,12.9,Male,1797
North Lanarkshire,2018,"F01, F03, G30                                                                        ",Dementia and Alzheimer Disease                                                                       ,dementia and Alzheimer's disease,134,7.5,Male,1797
North Lanarkshire,2018,C33-C34                                                                              ,"Malignant neoplasm of trachea, bronchus and lung                                                     ",lung cancer,129,7.2,Male,1797
North Lanarkshire,2018,I60-I69                                                                              ,Cerebrovascular disease                                                                              ,cerebrovascular disease,112,6.2,Male,1797
North Lanarkshire,2018,J40-J47                                                                              ,Chronic lower respiratory diseases                                                                   ,chronic lower respiratory diseases,95,5.3,Male,1797
North Lanarkshire,2018,"F01, F03, G30                                                                        ",Dementia and Alzheimer Disease                                                                       ,dementia and Alzheimer's disease,264,14.3,Female,1847
North Lanarkshire,2018,I20-I25                                                                              ,Ischaemic heart diseases                                                                             ,ischaemic heart diseases,163,8.8,Female,1847
North Lanarkshire,2018,C33-C34                                                                              ,"Malignant neoplasm of trachea, bronchus and lung                                                     ",lung cancer,158,8.6,Female,1847
North Lanarkshire,2018,J40-J47                                                                              ,Chronic lower respiratory diseases                                                                   ,chronic lower respiratory diseases,155,8.4,Female,1847
North Lanarkshire,2018,I60-I69                                                                              ,Cerebrovascular disease                                                                              ,cerebrovascular disease,94,5.1,Female,1847
Orkney Islands,2018,I20-I25                                                                              ,Ischaemic heart diseases                                                                             ,ischaemic heart diseases,21,16.7,Male,126
Orkney Islands,2018,"F01, F03, G30                                                                        ",Dementia and Alzheimer Disease                                                                       ,dementia and Alzheimer's disease,10,7.9,Male,126
Orkney Islands,2018,J40-J47                                                                              ,Chronic lower respiratory diseases                                                                   ,chronic lower respiratory diseases,9,7.1,Male,126
Orkney Islands,2018,C33-C34                                                                              ,"Malignant neoplasm of trachea, bronchus and lung                                                     ",lung cancer,7,5.6,Male,126
Orkney Islands,2018,C61                                                                                  ,Malignant neoplasm of prostate                                                                       ,prostate cancer,6,4.8,Male,126
Orkney Islands,2018,"F01, F03, G30                                                                        ",Dementia and Alzheimer Disease                                                                       ,dementia and Alzheimer's disease,13,13,Female,100
Orkney Islands,2018,I20-I25                                                                              ,Ischaemic heart diseases                                                                             ,ischaemic heart diseases,12,12,Female,100
Orkney Islands,2018,I60-I69                                                                              ,Cerebrovascular disease                                                                              ,cerebrovascular disease,9,9,Female,100
Orkney Islands,2018,C50                                                                                  ,Malignant neoplasm of breast                                                                         ,breast cancer,6,6,Female,100
Orkney Islands,2018,J40-J47                                                                              ,Chronic lower respiratory diseases                                                                   ,chronic lower respiratory diseases,6,6,Female,100
Perth and Kinross,2018,I20-I25                                                                              ,Ischaemic heart diseases                                                                             ,ischaemic heart diseases,116,14.3,Male,813
Perth and Kinross,2018,"F01, F03, G30                                                                        ",Dementia and Alzheimer Disease                                                                       ,dementia and Alzheimer's disease,75,9.2,Male,813
Perth and Kinross,2018,C33-C34                                                                              ,"Malignant neoplasm of trachea, bronchus and lung                                                     ",lung cancer,47,5.8,Male,813
Perth and Kinross,2018,J40-J47                                                                              ,Chronic lower respiratory diseases                                                                   ,chronic lower respiratory diseases,34,4.2,Male,813
Perth and Kinross,2018,I60-I69                                                                              ,Cerebrovascular disease                                                                              ,cerebrovascular disease,33,4.1,Male,813
Perth and Kinross,2018,"F01, F03, G30                                                                        ",Dementia and Alzheimer Disease                                                                       ,dementia and Alzheimer's disease,140,15.8,Female,888
Perth and Kinross,2018,I20-I25                                                                              ,Ischaemic heart diseases                                                                             ,ischaemic heart diseases,81,9.1,Female,888
Perth and Kinross,2018,I60-I69                                                                              ,Cerebrovascular disease                                                                              ,cerebrovascular disease,67,7.5,Female,888
Perth and Kinross,2018,J40-J47                                                                              ,Chronic lower respiratory diseases                                                                   ,chronic lower respiratory diseases,56,6.3,Female,888
Perth and Kinross,2018,J09-J18                                                                              ,Influenza and pneumonia                                                                              ,influenza and pneumonia,43,4.8,Female,888
Renfrewshire,2018,I20-I25                                                                              ,Ischaemic heart diseases                                                                             ,ischaemic heart diseases,115,11.4,Male,1005
Renfrewshire,2018,"F01, F03, G30                                                                        ",Dementia and Alzheimer Disease                                                                       ,dementia and Alzheimer's disease,107,10.6,Male,1005
Renfrewshire,2018,C33-C34                                                                              ,"Malignant neoplasm of trachea, bronchus and lung                                                     ",lung cancer,72,7.2,Male,1005
Renfrewshire,2018,I60-I69                                                                              ,Cerebrovascular disease                                                                              ,cerebrovascular disease,61,6.1,Male,1005
Renfrewshire,2018,J40-J47                                                                              ,Chronic lower respiratory diseases                                                                   ,chronic lower respiratory diseases,43,4.3,Male,1005
Renfrewshire,2018,"F01, F03, G30                                                                        ",Dementia and Alzheimer Disease                                                                       ,dementia and Alzheimer's disease,172,17,Female,1010
Renfrewshire,2018,C33-C34                                                                              ,"Malignant neoplasm of trachea, bronchus and lung                                                     ",lung cancer,79,7.8,Female,1010
Renfrewshire,2018,I20-I25                                                                              ,Ischaemic heart diseases                                                                             ,ischaemic heart diseases,76,7.5,Female,1010
Renfrewshire,2018,I60-I69                                                                              ,Cerebrovascular disease                                                                              ,cerebrovascular disease,76,7.5,Female,1010
Renfrewshire,2018,J40-J47                                                                              ,Chronic lower respiratory diseases                                                                   ,chronic lower respiratory diseases,71,7,Female,1010
Scottish Borders,2018,I20-I25                                                                              ,Ischaemic heart diseases                                                                             ,ischaemic heart diseases,103,14.2,Male,727
Scottish Borders,2018,I60-I69                                                                              ,Cerebrovascular disease                                                                              ,cerebrovascular disease,49,6.7,Male,727
Scottish Borders,2018,"F01, F03, G30                                                                        ",Dementia and Alzheimer Disease                                                                       ,dementia and Alzheimer's disease,47,6.5,Male,727
Scottish Borders,2018,C33-C34                                                                              ,"Malignant neoplasm of trachea, bronchus and lung                                                     ",lung cancer,44,6.1,Male,727
Scottish Borders,2018,J40-J47                                                                              ,Chronic lower respiratory diseases                                                                   ,chronic lower respiratory diseases,36,5,Male,727
Scottish Borders,2018,"F01, F03, G30                                                                        ",Dementia and Alzheimer Disease                                                                       ,dementia and Alzheimer's disease,95,12.8,Female,745
Scottish Borders,2018,I20-I25                                                                              ,Ischaemic heart diseases                                                                             ,ischaemic heart diseases,59,7.9,Female,745
Scottish Borders,2018,I60-I69                                                                              ,Cerebrovascular disease                                                                              ,cerebrovascular disease,51,6.8,Female,745
Scottish Borders,2018,C33-C34                                                                              ,"Malignant neoplasm of trachea, bronchus and lung                                                     ",lung cancer,50,6.7,Female,745
Scottish Borders,2018,J40-J47                                                                              ,Chronic lower respiratory diseases                                                                   ,chronic lower respiratory diseases,50,6.7,Female,745
Shetland Islands,2018,I20-I25                                                                              ,Ischaemic heart diseases                                                                             ,ischaemic heart diseases,21,19.6,Male,107
Shetland Islands,2018,C33-C34                                                                              ,"Malignant neoplasm of trachea, bronchus and lung                                                     ",lung cancer,8,7.5,Male,107
Shetland Islands,2018,J40-J47                                                                              ,Chronic lower respiratory diseases                                                                   ,chronic lower respiratory diseases,6,5.6,Male,107
Shetland Islands,2018,"F01, F03, G30                                                                        ",Dementia and Alzheimer Disease                                                                       ,dementia and Alzheimer's disease,5,4.7,Male,107
Shetland Islands,2018,C61                                                                                  ,Malignant neoplasm of prostate                                                                       ,prostate cancer,4,3.7,Male,107
Shetland Islands,2018,"F01, F03, G30                                                                        ",Dementia and Alzheimer Disease                                                                       ,dementia and Alzheimer's disease,15,13.6,Female,110
Shetland Islands,2018,I20-I25                                                                              ,Ischaemic heart diseases                                                                             ,ischaemic heart diseases,11,10,Female,110
Shetland Islands,2018,C50                                                                                  ,Malignant neoplasm of breast                                                                         ,breast cancer,6,5.5,Female,110
Shetland Islands,2018,I60-I69                                                                              ,Cerebrovascular disease                                                                              ,cerebrovascular disease,6,5.5,Female,110
Shetland Islands,2018,J40-J47                                                                              ,Chronic lower respiratory diseases                                                                   ,chronic lower respiratory diseases,5,4.5,Female,110
South Ayrshire,2018,I20-I25                                                                              ,Ischaemic heart diseases                                                                             ,ischaemic heart diseases,125,16.3,Male,768
South Ayrshire,2018,I60-I69                                                                              ,Cerebrovascular disease                                                                              ,cerebrovascular disease,53,6.9,Male,768
South Ayrshire,2018,C33-C34                                                                              ,"Malignant neoplasm of trachea, bronchus and lung                                                     ",lung cancer,49,6.4,Male,768
South Ayrshire,2018,J40-J47                                                                              ,Chronic lower respiratory diseases                                                                   ,chronic lower respiratory diseases,49,6.4,Male,768
South Ayrshire,2018,"F01, F03, G30                                                                        ",Dementia and Alzheimer Disease                                                                       ,dementia and Alzheimer's disease,40,5.2,Male,768
South Ayrshire,2018,"F01, F03, G30                                                                        ",Dementia and Alzheimer Disease                                                                       ,dementia and Alzheimer's disease,89,11.9,Female,746
South Ayrshire,2018,I20-I25                                                                              ,Ischaemic heart diseases                                                                             ,ischaemic heart diseases,65,8.7,Female,746
South Ayrshire,2018,I60-I69                                                                              ,Cerebrovascular disease                                                                              ,cerebrovascular disease,65,8.7,Female,746
South Ayrshire,2018,J40-J47                                                                              ,Chronic lower respiratory diseases                                                                   ,chronic lower respiratory diseases,48,6.4,Female,746
South Ayrshire,2018,C33-C34                                                                              ,"Malignant neoplasm of trachea, bronchus and lung                                                     ",lung cancer,33,4.4,Female,746
South Lanarkshire,2018,I20-I25                                                                              ,Ischaemic heart diseases                                                                             ,ischaemic heart diseases,235,13.9,Male,1695
South Lanarkshire,2018,C33-C34                                                                              ,"Malignant neoplasm of trachea, bronchus and lung                                                     ",lung cancer,132,7.8,Male,1695
South Lanarkshire,2018,"F01, F03, G30                                                                        ",Dementia and Alzheimer Disease                                                                       ,dementia and Alzheimer's disease,127,7.5,Male,1695
South Lanarkshire,2018,I60-I69                                                                              ,Cerebrovascular disease                                                                              ,cerebrovascular disease,102,6,Male,1695
South Lanarkshire,2018,J40-J47                                                                              ,Chronic lower respiratory diseases                                                                   ,chronic lower respiratory diseases,98,5.8,Male,1695
South Lanarkshire,2018,"F01, F03, G30                                                                        ",Dementia and Alzheimer Disease                                                                       ,dementia and Alzheimer's disease,263,13.8,Female,1908
South Lanarkshire,2018,I20-I25                                                                              ,Ischaemic heart diseases                                                                             ,ischaemic heart diseases,178,9.3,Female,1908
South Lanarkshire,2018,I60-I69                                                                              ,Cerebrovascular disease                                                                              ,cerebrovascular disease,130,6.8,Female,1908
South Lanarkshire,2018,C33-C34                                                                              ,"Malignant neoplasm of trachea, bronchus and lung                                                     ",lung cancer,126,6.6,Female,1908
South Lanarkshire,2018,J40-J47                                                                              ,Chronic lower respiratory diseases                                                                   ,chronic lower respiratory diseases,125,6.6,Female,1908
Stirling,2018,I20-I25                                                                              ,Ischaemic heart diseases                                                                             ,ischaemic heart diseases,67,13.6,Male,492
Stirling,2018,"F01, F03, G30                                                                        ",Dementia and Alzheimer Disease                                                                       ,dementia and Alzheimer's disease,46,9.3,Male,492
Stirling,2018,C33-C34                                                                              ,"Malignant neoplasm of trachea, bronchus and lung                                                     ",lung cancer,30,6.1,Male,492
Stirling,2018,C61                                                                                  ,Malignant neoplasm of prostate                                                                       ,prostate cancer,26,5.3,Male,492
Stirling,2018,J40-J47                                                                              ,Chronic lower respiratory diseases                                                                   ,chronic lower respiratory diseases,23,4.7,Male,492
Stirling,2018,"F01, F03, G30                                                                        ",Dementia and Alzheimer Disease                                                                       ,dementia and Alzheimer's disease,53,11.7,Female,454
Stirling,2018,I20-I25                                                                              ,Ischaemic heart diseases                                                                             ,ischaemic heart diseases,48,10.6,Female,454
Stirling,2018,I60-I69                                                                              ,Cerebrovascular disease                                                                              ,cerebrovascular disease,38,8.4,Female,454
Stirling,2018,C33-C34                                                                              ,"Malignant neoplasm of trachea, bronchus and lung                                                     ",lung cancer,24,5.3,Female,454
Stirling,2018,J40-J47                                                                              ,Chronic lower respiratory diseases                                                                   ,chronic lower respiratory diseases,24,5.3,Female,454
West Dunbartonshire,2018,I20-I25                                                                              ,Ischaemic heart diseases                                                                             ,ischaemic heart diseases,79,14.1,Male,560
West Dunbartonshire,2018,C33-C34                                                                              ,"Malignant neoplasm of trachea, bronchus and lung                                                     ",lung cancer,48,8.6,Male,560
West Dunbartonshire,2018,J40-J47                                                                              ,Chronic lower respiratory diseases                                                                   ,chronic lower respiratory diseases,43,7.7,Male,560
West Dunbartonshire,2018,"F01, F03, G30                                                                        ",Dementia and Alzheimer Disease                                                                       ,dementia and Alzheimer's disease,35,6.3,Male,560
West Dunbartonshire,2018,I60-I69                                                                              ,Cerebrovascular disease                                                                              ,cerebrovascular disease,31,5.5,Male,560
West Dunbartonshire,2018,"F01, F03, G30                                                                        ",Dementia and Alzheimer Disease                                                                       ,dementia and Alzheimer's disease,97,15.9,Female,610
West Dunbartonshire,2018,I20-I25                                                                              ,Ischaemic heart diseases                                                                             ,ischaemic heart diseases,60,9.8,Female,610
West Dunbartonshire,2018,C33-C34                                                                              ,"Malignant neoplasm of trachea, bronchus and lung                                                     ",lung cancer,47,7.7,Female,610
West Dunbartonshire,2018,J40-J47                                                                              ,Chronic lower respiratory diseases                                                                   ,chronic lower respiratory diseases,43,7,Female,610
West Dunbartonshire,2018,I60-I69                                                                              ,Cerebrovascular disease                                                                              ,cerebrovascular disease,36,5.9,Female,610
West Lothian,2018,I20-I25                                                                              ,Ischaemic heart diseases                                                                             ,ischaemic heart diseases,126,15.1,Male,834
West Lothian,2018,"F01, F03, G30                                                                        ",Dementia and Alzheimer Disease                                                                       ,dementia and Alzheimer's disease,67,8,Male,834
West Lothian,2018,C33-C34                                                                              ,"Malignant neoplasm of trachea, bronchus and lung                                                     ",lung cancer,60,7.2,Male,834
West Lothian,2018,J40-J47                                                                              ,Chronic lower respiratory diseases                                                                   ,chronic lower respiratory diseases,57,6.8,Male,834
West Lothian,2018,I60-I69                                                                              ,Cerebrovascular disease                                                                              ,cerebrovascular disease,36,4.3,Male,834
West Lothian,2018,"F01, F03, G30                                                                        ",Dementia and Alzheimer Disease                                                                       ,dementia and Alzheimer's disease,109,13,Female,838
West Lothian,2018,C33-C34                                                                              ,"Malignant neoplasm of trachea, bronchus and lung                                                     ",lung cancer,74,8.8,Female,838
West Lothian,2018,I20-I25                                                                              ,Ischaemic heart diseases                                                                             ,ischaemic heart diseases,69,8.2,Female,838
West Lothian,2018,I60-I69                                                                              ,Cerebrovascular disease                                                                              ,cerebrovascular disease,60,7.2,Female,838
West Lothian,2018,J40-J47                                                                              ,Chronic lower respiratory diseases                                                                   ,chronic lower respiratory diseases,45,5.4,Female,838
Scotland,2018,I20-I25                                                                              ,Ischaemic heart diseases                                                                             ,ischaemic heart diseases,3994,13.9,Male,28642
Scotland,2018,"F01, F03, G30                                                                        ",Dementia and Alzheimer Disease                                                                       ,dementia and Alzheimer's disease,2187,7.6,Male,28642
Scotland,2018,C33-C34                                                                              ,"Malignant neoplasm of trachea, bronchus and lung                                                     ",lung cancer,1981,6.9,Male,28642
Scotland,2018,I60-I69                                                                              ,Cerebrovascular disease                                                                              ,cerebrovascular disease,1621,5.7,Male,28642
Scotland,2018,J40-J47                                                                              ,Chronic lower respiratory diseases                                                                   ,chronic lower respiratory diseases,1495,5.2,Male,28642
Scotland,2018,"F01, F03, G30                                                                        ",Dementia and Alzheimer Disease                                                                       ,dementia and Alzheimer's disease,4297,14.4,Female,29861
Scotland,2018,I20-I25                                                                              ,Ischaemic heart diseases                                                                             ,ischaemic heart diseases,2621,8.8,Female,29861
Scotland,2018,I60-I69                                                                              ,Cerebrovascular disease                                                                              ,cerebrovascular disease,2210,7.4,Female,29861
Scotland,2018,C33-C34                                                                              ,"Malignant neoplasm of trachea, bronchus and lung                                                     ",lung cancer,1999,6.6,Female,29861
Scotland,2018,J40-J47                                                                              ,Chronic lower respiratory diseases                                                                   ,chronic lower respiratory diseases,1974,6.6,Female,29861
,,,,,,,,
 Crown Copyright 2020,,,,,,,,
,,,,,,,,
,,,,,,,,
,,,,,,,,
,,,,,,,,
,,,,,,,,
,,,,,,,,
,,,,,,,,
,,,,,,,,
,,,,,,,,
,,,,,,,,
,,,,,,,,
,,,,,,,,
,,,,,,,,
,,,,,,,,
,,,,,,,,
,,,,,,,,
,,,,,,,,
,,,,,,,,
,,,,,,,,
,,,,,,,,
,,,,,,,,
,,,,,,,,
,,,,,,,,
,,,,,,,,
,,,,,,,,
,,,,,,,,
,,,,,,,,
,,,,,,,,
,,,,,,,,
,,,,,,,,
,,,,,,,,
,,,,,,,,
,,,,,,,,
,,,,,,,,
,,,,,,,,
,,,,,,,,
,,,,,,,,
,,,,,,,,
,,,,,,,,
,,,,,,,,
,,,,,,,,
,,,,,,,,
,,,,,,,,
,,,,,,,,
,,,,,,,,
,,,,,,,,
,,,,,,,,
,,,,,,,,
,,,,,,,,
,,,,,,,,
,,,,,,,,
,,,,,,,,
,,,,,,,,
,,,,,,,,
,,,,,,,,
,,,,,,,,
,,,,,,,,
,,,,,,,,
,,,,,,,,
,,,,,,,,
,,,,,,,,
,,,,,,,,
,,,,,,,,
,,,,,,,,
,,,,,,,,
,,,,,,,,
,,,,,,,,
,,,,,,,,
,,,,,,,,
,,,,,,,,
,,,,,,,,
,,,,,,,,
,,,,,,,,
,,,,,,,,
,,,,,,,,
,,,,,,,,
,,,,,,,,
,,,,,,,,
,,,,,,,,
,,,,,,,,
,,,,,,,,
,,,,,,,,
,,,,,,,,
,,,,,,,,
,,,,,,,,
,,,,,,,,
,,,,,,,,
,,,,,,,,
,,,,,,,,
,,,,,,,,
,,,,,,,,
,,,,,,,,
,,,,,,,,
,,,,,,,,
,,,,,,,,
,,,,,,,,
,,,,,,,,
,,,,,,,,
,,,,,,,,
,,,,,,,,
,,,,,,,,
,,,,,,,,
,,,,,,,,
,,,,,,,,
,,,,,,,,
,,,,,,,,
,,,,,,,,
,,,,,,,,
,,,,,,,,
,,,,,,,,
,,,,,,,,
,,,,,,,,
,,,,,,,,
,,,,,,,,
,,,,,,,,
,,,,,,,,
,,,,,,,,
,,,,,,,,
,,,,,,,,
,,,,,,,,
,,,,,,,,
,,,,,,,,
,,,,,,,,
,,,,,,,,
,,,,,,,,
,,,,,,,,
,,,,,,,,
,,,,,,,,
,,,,,,,,
,,,,,,,,
,,,,,,,,
,,,,,,,,
,,,,,,,,
,,,,,,,,
,,,,,,,,
,,,,,,,,
,,,,,,,,
,,,,,,,,
,,,,,,,,
,,,,,,,,
,,,,,,,,
,,,,,,,,
,,,,,,,,
,,,,,,,,
,,,,,,,,
,,,,,,,,
,,,,,,,,
,,,,,,,,
,,,,,,,,
,,,,,,,,
,,,,,,,,
,,,,,,,,
,,,,,,,,
,,,,,,,,
,,,,,,,,
,,,,,,,,
,,,,,,,,
,,,,,,,,
