Council area,Registration Year,Sex,Number
Aberdeen City,1991,All people,2697
Aberdeenshire,1991,All people,2918
Angus,1991,All people,1336
Argyll and Bute,1991,All people,1220
City of Edinburgh,1991,All people,5671
Clackmannanshire,1991,All people,663
Dumfries and Galloway,1991,All people,1781
Dundee City,1991,All people,2017
East Ayrshire,1991,All people,1727
East Dunbartonshire,1991,All people,1370
East Lothian,1991,All people,1113
East Renfrewshire,1991,All people,1123
Falkirk,1991,All people,1932
Fife,1991,All people,4388
Glasgow City,1991,All people,9027
Highland,1991,All people,2657
Inverclyde,1991,All people,1185
Midlothian,1991,All people,1080
Moray,1991,All people,1162
Na h-Eileanan Siar,1991,All people,329
North Ayrshire,1991,All people,1931
North Lanarkshire,1991,All people,4482
Orkney Islands,1991,All people,237
Perth and Kinross,1991,All people,1554
Renfrewshire,1991,All people,2219
Scotland,1991,All people,67024
Scottish Borders,1991,All people,1259
Shetland Islands,1991,All people,324
South Ayrshire,1991,All people,1230
South Lanarkshire,1991,All people,4050
Stirling,1991,All people,971
West Dunbartonshire,1991,All people,1277
West Lothian,1991,All people,2094
Aberdeen City,1991,Female,1307
Aberdeenshire,1991,Female,1408
Angus,1991,Female,647
Argyll and Bute,1991,Female,582
City of Edinburgh,1991,Female,2756
Clackmannanshire,1991,Female,338
Dumfries and Galloway,1991,Female,884
Dundee City,1991,Female,998
East Ayrshire,1991,Female,880
East Dunbartonshire,1991,Female,662
East Lothian,1991,Female,554
East Renfrewshire,1991,Female,525
Falkirk,1991,Female,950
Fife,1991,Female,2102
Glasgow City,1991,Female,4347
Highland,1991,Female,1276
Inverclyde,1991,Female,555
Midlothian,1991,Female,528
Moray,1991,Female,569
Na h-Eileanan Siar,1991,Female,153
North Ayrshire,1991,Female,940
North Lanarkshire,1991,Female,2204
Orkney Islands,1991,Female,116
Perth and Kinross,1991,Female,722
Renfrewshire,1991,Female,1079
Scotland,1991,Female,32605
Scottish Borders,1991,Female,629
Shetland Islands,1991,Female,152
South Ayrshire,1991,Female,587
South Lanarkshire,1991,Female,1987
Stirling,1991,Female,492
West Dunbartonshire,1991,Female,629
West Lothian,1991,Female,1047
Aberdeen City,1991,Male,1390
Aberdeenshire,1991,Male,1510
Angus,1991,Male,689
Argyll and Bute,1991,Male,638
City of Edinburgh,1991,Male,2915
Clackmannanshire,1991,Male,325
Dumfries and Galloway,1991,Male,897
Dundee City,1991,Male,1019
East Ayrshire,1991,Male,847
East Dunbartonshire,1991,Male,708
East Lothian,1991,Male,559
East Renfrewshire,1991,Male,598
Falkirk,1991,Male,982
Fife,1991,Male,2286
Glasgow City,1991,Male,4680
Highland,1991,Male,1381
Inverclyde,1991,Male,630
Midlothian,1991,Male,552
Moray,1991,Male,593
Na h-Eileanan Siar,1991,Male,176
North Ayrshire,1991,Male,991
North Lanarkshire,1991,Male,2278
Orkney Islands,1991,Male,121
Perth and Kinross,1991,Male,832
Renfrewshire,1991,Male,1140
Scotland,1991,Male,34419
Scottish Borders,1991,Male,630
Shetland Islands,1991,Male,172
South Ayrshire,1991,Male,643
South Lanarkshire,1991,Male,2063
Stirling,1991,Male,479
West Dunbartonshire,1991,Male,648
West Lothian,1991,Male,1047
Aberdeen City,1992,All people,2662
Aberdeenshire,1992,All people,3021
Angus,1992,All people,1373
Argyll and Bute,1992,All people,1118
City of Edinburgh,1992,All people,5477
Clackmannanshire,1992,All people,679
Dumfries and Galloway,1992,All people,1751
Dundee City,1992,All people,1982
East Ayrshire,1992,All people,1659
East Dunbartonshire,1992,All people,1266
East Lothian,1992,All people,1147
East Renfrewshire,1992,All people,1131
Falkirk,1992,All people,1842
Fife,1992,All people,4306
Glasgow City,1992,All people,8734
Highland,1992,All people,2694
Inverclyde,1992,All people,1157
Midlothian,1992,All people,1077
Moray,1992,All people,1166
Na h-Eileanan Siar,1992,All people,332
North Ayrshire,1992,All people,1797
North Lanarkshire,1992,All people,4342
Orkney Islands,1992,All people,239
Perth and Kinross,1992,All people,1523
Renfrewshire,1992,All people,2299
Scotland,1992,All people,65789
Scottish Borders,1992,All people,1196
Shetland Islands,1992,All people,325
South Ayrshire,1992,All people,1267
South Lanarkshire,1992,All people,3880
Stirling,1992,All people,936
West Dunbartonshire,1992,All people,1322
West Lothian,1992,All people,2089
Aberdeen City,1992,Female,1335
Aberdeenshire,1992,Female,1537
Angus,1992,Female,680
Argyll and Bute,1992,Female,570
City of Edinburgh,1992,Female,2628
Clackmannanshire,1992,Female,323
Dumfries and Galloway,1992,Female,898
Dundee City,1992,Female,961
East Ayrshire,1992,Female,800
East Dunbartonshire,1992,Female,639
East Lothian,1992,Female,536
East Renfrewshire,1992,Female,573
Falkirk,1992,Female,895
Fife,1992,Female,2097
Glasgow City,1992,Female,4319
Highland,1992,Female,1281
Inverclyde,1992,Female,546
Midlothian,1992,Female,503
Moray,1992,Female,571
Na h-Eileanan Siar,1992,Female,164
North Ayrshire,1992,Female,869
North Lanarkshire,1992,Female,2072
Orkney Islands,1992,Female,123
Perth and Kinross,1992,Female,746
Renfrewshire,1992,Female,1149
Scotland,1992,Female,32179
Scottish Borders,1992,Female,565
Shetland Islands,1992,Female,146
South Ayrshire,1992,Female,621
South Lanarkshire,1992,Female,1905
Stirling,1992,Female,458
West Dunbartonshire,1992,Female,636
West Lothian,1992,Female,1033
Aberdeen City,1992,Male,1327
Aberdeenshire,1992,Male,1484
Angus,1992,Male,693
Argyll and Bute,1992,Male,548
City of Edinburgh,1992,Male,2849
Clackmannanshire,1992,Male,356
Dumfries and Galloway,1992,Male,853
Dundee City,1992,Male,1021
East Ayrshire,1992,Male,859
East Dunbartonshire,1992,Male,627
East Lothian,1992,Male,611
East Renfrewshire,1992,Male,558
Falkirk,1992,Male,947
Fife,1992,Male,2209
Glasgow City,1992,Male,4415
Highland,1992,Male,1413
Inverclyde,1992,Male,611
Midlothian,1992,Male,574
Moray,1992,Male,595
Na h-Eileanan Siar,1992,Male,168
North Ayrshire,1992,Male,928
North Lanarkshire,1992,Male,2270
Orkney Islands,1992,Male,116
Perth and Kinross,1992,Male,777
Renfrewshire,1992,Male,1150
Scotland,1992,Male,33610
Scottish Borders,1992,Male,631
Shetland Islands,1992,Male,179
South Ayrshire,1992,Male,646
South Lanarkshire,1992,Male,1975
Stirling,1992,Male,478
West Dunbartonshire,1992,Male,686
West Lothian,1992,Male,1056
Aberdeen City,1993,All people,2620
Aberdeenshire,1993,All people,2855
Angus,1993,All people,1363
Argyll and Bute,1993,All people,1008
City of Edinburgh,1993,All people,5229
Clackmannanshire,1993,All people,636
Dumfries and Galloway,1993,All people,1709
Dundee City,1993,All people,1894
East Ayrshire,1993,All people,1585
East Dunbartonshire,1993,All people,1230
East Lothian,1993,All people,1097
East Renfrewshire,1993,All people,1151
Falkirk,1993,All people,1795
Fife,1993,All people,4278
Glasgow City,1993,All people,8251
Highland,1993,All people,2541
Inverclyde,1993,All people,1097
Midlothian,1993,All people,980
Moray,1993,All people,1147
Na h-Eileanan Siar,1993,All people,283
North Ayrshire,1993,All people,1739
North Lanarkshire,1993,All people,4176
Orkney Islands,1993,All people,237
Perth and Kinross,1993,All people,1487
Renfrewshire,1993,All people,2132
Scotland,1993,All people,63337
Scottish Borders,1993,All people,1138
Shetland Islands,1993,All people,313
South Ayrshire,1993,All people,1248
South Lanarkshire,1993,All people,3911
Stirling,1993,All people,919
West Dunbartonshire,1993,All people,1252
West Lothian,1993,All people,2036
Aberdeen City,1993,Female,1252
Aberdeenshire,1993,Female,1417
Angus,1993,Female,632
Argyll and Bute,1993,Female,507
City of Edinburgh,1993,Female,2592
Clackmannanshire,1993,Female,312
Dumfries and Galloway,1993,Female,846
Dundee City,1993,Female,895
East Ayrshire,1993,Female,795
East Dunbartonshire,1993,Female,590
East Lothian,1993,Female,527
East Renfrewshire,1993,Female,585
Falkirk,1993,Female,905
Fife,1993,Female,2153
Glasgow City,1993,Female,4004
Highland,1993,Female,1267
Inverclyde,1993,Female,539
Midlothian,1993,Female,466
Moray,1993,Female,560
Na h-Eileanan Siar,1993,Female,126
North Ayrshire,1993,Female,840
North Lanarkshire,1993,Female,2005
Orkney Islands,1993,Female,119
Perth and Kinross,1993,Female,717
Renfrewshire,1993,Female,1003
Scotland,1993,Female,30963
Scottish Borders,1993,Female,565
Shetland Islands,1993,Female,148
South Ayrshire,1993,Female,642
South Lanarkshire,1993,Female,1928
Stirling,1993,Female,452
West Dunbartonshire,1993,Female,582
West Lothian,1993,Female,992
Aberdeen City,1993,Male,1368
Aberdeenshire,1993,Male,1438
Angus,1993,Male,731
Argyll and Bute,1993,Male,501
City of Edinburgh,1993,Male,2637
Clackmannanshire,1993,Male,324
Dumfries and Galloway,1993,Male,863
Dundee City,1993,Male,999
East Ayrshire,1993,Male,790
East Dunbartonshire,1993,Male,640
East Lothian,1993,Male,570
East Renfrewshire,1993,Male,566
Falkirk,1993,Male,890
Fife,1993,Male,2125
Glasgow City,1993,Male,4247
Highland,1993,Male,1274
Inverclyde,1993,Male,558
Midlothian,1993,Male,514
Moray,1993,Male,587
Na h-Eileanan Siar,1993,Male,157
North Ayrshire,1993,Male,899
North Lanarkshire,1993,Male,2171
Orkney Islands,1993,Male,118
Perth and Kinross,1993,Male,770
Renfrewshire,1993,Male,1129
Scotland,1993,Male,32374
Scottish Borders,1993,Male,573
Shetland Islands,1993,Male,165
South Ayrshire,1993,Male,606
South Lanarkshire,1993,Male,1983
Stirling,1993,Male,467
West Dunbartonshire,1993,Male,670
West Lothian,1993,Male,1044
Aberdeen City,1994,All people,2626
Aberdeenshire,1994,All people,2865
Angus,1994,All people,1277
Argyll and Bute,1994,All people,1033
City of Edinburgh,1994,All people,5291
Clackmannanshire,1994,All people,608
Dumfries and Galloway,1994,All people,1748
Dundee City,1994,All people,1744
East Ayrshire,1994,All people,1470
East Dunbartonshire,1994,All people,1227
East Lothian,1994,All people,1050
East Renfrewshire,1994,All people,1068
Falkirk,1994,All people,1747
Fife,1994,All people,4110
Glasgow City,1994,All people,7868
Highland,1994,All people,2483
Inverclyde,1994,All people,1093
Midlothian,1994,All people,984
Moray,1994,All people,1136
Na h-Eileanan Siar,1994,All people,300
North Ayrshire,1994,All people,1685
North Lanarkshire,1994,All people,4057
Orkney Islands,1994,All people,249
Perth and Kinross,1994,All people,1413
Renfrewshire,1994,All people,2066
Scotland,1994,All people,61656
Scottish Borders,1994,All people,1147
Shetland Islands,1994,All people,314
South Ayrshire,1994,All people,1144
South Lanarkshire,1994,All people,3717
Stirling,1994,All people,855
West Dunbartonshire,1994,All people,1265
West Lothian,1994,All people,2016
Aberdeen City,1994,Female,1321
Aberdeenshire,1994,Female,1368
Angus,1994,Female,635
Argyll and Bute,1994,Female,510
City of Edinburgh,1994,Female,2572
Clackmannanshire,1994,Female,309
Dumfries and Galloway,1994,Female,850
Dundee City,1994,Female,837
East Ayrshire,1994,Female,711
East Dunbartonshire,1994,Female,576
East Lothian,1994,Female,531
East Renfrewshire,1994,Female,518
Falkirk,1994,Female,852
Fife,1994,Female,2082
Glasgow City,1994,Female,3863
Highland,1994,Female,1205
Inverclyde,1994,Female,556
Midlothian,1994,Female,465
Moray,1994,Female,556
Na h-Eileanan Siar,1994,Female,164
North Ayrshire,1994,Female,813
North Lanarkshire,1994,Female,1954
Orkney Islands,1994,Female,138
Perth and Kinross,1994,Female,668
Renfrewshire,1994,Female,1038
Scotland,1994,Female,30257
Scottish Borders,1994,Female,575
Shetland Islands,1994,Female,151
South Ayrshire,1994,Female,574
South Lanarkshire,1994,Female,1869
Stirling,1994,Female,433
West Dunbartonshire,1994,Female,616
West Lothian,1994,Female,947
Aberdeen City,1994,Male,1305
Aberdeenshire,1994,Male,1497
Angus,1994,Male,642
Argyll and Bute,1994,Male,523
City of Edinburgh,1994,Male,2719
Clackmannanshire,1994,Male,299
Dumfries and Galloway,1994,Male,898
Dundee City,1994,Male,907
East Ayrshire,1994,Male,759
East Dunbartonshire,1994,Male,651
East Lothian,1994,Male,519
East Renfrewshire,1994,Male,550
Falkirk,1994,Male,895
Fife,1994,Male,2028
Glasgow City,1994,Male,4005
Highland,1994,Male,1278
Inverclyde,1994,Male,537
Midlothian,1994,Male,519
Moray,1994,Male,580
Na h-Eileanan Siar,1994,Male,136
North Ayrshire,1994,Male,872
North Lanarkshire,1994,Male,2103
Orkney Islands,1994,Male,111
Perth and Kinross,1994,Male,745
Renfrewshire,1994,Male,1028
Scotland,1994,Male,31399
Scottish Borders,1994,Male,572
Shetland Islands,1994,Male,163
South Ayrshire,1994,Male,570
South Lanarkshire,1994,Male,1848
Stirling,1994,Male,422
West Dunbartonshire,1994,Male,649
West Lothian,1994,Male,1069
Aberdeen City,1995,All people,2363
Aberdeenshire,1995,All people,2697
Angus,1995,All people,1256
Argyll and Bute,1995,All people,1011
City of Edinburgh,1995,All people,5061
Clackmannanshire,1995,All people,637
Dumfries and Galloway,1995,All people,1636
Dundee City,1995,All people,1744
East Ayrshire,1995,All people,1468
East Dunbartonshire,1995,All people,1252
East Lothian,1995,All people,1088
East Renfrewshire,1995,All people,1004
Falkirk,1995,All people,1633
Fife,1995,All people,4033
Glasgow City,1995,All people,7785
Highland,1995,All people,2412
Inverclyde,1995,All people,1086
Midlothian,1995,All people,939
Moray,1995,All people,1076
Na h-Eileanan Siar,1995,All people,302
North Ayrshire,1995,All people,1628
North Lanarkshire,1995,All people,4032
Orkney Islands,1995,All people,231
Perth and Kinross,1995,All people,1374
Renfrewshire,1995,All people,2104
Scotland,1995,All people,60051
Scottish Borders,1995,All people,1172
Shetland Islands,1995,All people,291
South Ayrshire,1995,All people,1080
South Lanarkshire,1995,All people,3507
Stirling,1995,All people,913
West Dunbartonshire,1995,All people,1171
West Lothian,1995,All people,2065
Aberdeen City,1995,Female,1159
Aberdeenshire,1995,Female,1335
Angus,1995,Female,613
Argyll and Bute,1995,Female,489
City of Edinburgh,1995,Female,2495
Clackmannanshire,1995,Female,317
Dumfries and Galloway,1995,Female,813
Dundee City,1995,Female,848
East Ayrshire,1995,Female,687
East Dunbartonshire,1995,Female,606
East Lothian,1995,Female,511
East Renfrewshire,1995,Female,484
Falkirk,1995,Female,800
Fife,1995,Female,2005
Glasgow City,1995,Female,3804
Highland,1995,Female,1209
Inverclyde,1995,Female,515
Midlothian,1995,Female,471
Moray,1995,Female,508
Na h-Eileanan Siar,1995,Female,143
North Ayrshire,1995,Female,806
North Lanarkshire,1995,Female,1956
Orkney Islands,1995,Female,102
Perth and Kinross,1995,Female,702
Renfrewshire,1995,Female,1029
Scotland,1995,Female,29399
Scottish Borders,1995,Female,565
Shetland Islands,1995,Female,144
South Ayrshire,1995,Female,537
South Lanarkshire,1995,Female,1730
Stirling,1995,Female,445
West Dunbartonshire,1995,Female,573
West Lothian,1995,Female,998
Aberdeen City,1995,Male,1204
Aberdeenshire,1995,Male,1362
Angus,1995,Male,643
Argyll and Bute,1995,Male,522
City of Edinburgh,1995,Male,2566
Clackmannanshire,1995,Male,320
Dumfries and Galloway,1995,Male,823
Dundee City,1995,Male,896
East Ayrshire,1995,Male,781
East Dunbartonshire,1995,Male,646
East Lothian,1995,Male,577
East Renfrewshire,1995,Male,520
Falkirk,1995,Male,833
Fife,1995,Male,2028
Glasgow City,1995,Male,3981
Highland,1995,Male,1203
Inverclyde,1995,Male,571
Midlothian,1995,Male,468
Moray,1995,Male,568
Na h-Eileanan Siar,1995,Male,159
North Ayrshire,1995,Male,822
North Lanarkshire,1995,Male,2076
Orkney Islands,1995,Male,129
Perth and Kinross,1995,Male,672
Renfrewshire,1995,Male,1075
Scotland,1995,Male,30652
Scottish Borders,1995,Male,607
Shetland Islands,1995,Male,147
South Ayrshire,1995,Male,543
South Lanarkshire,1995,Male,1777
Stirling,1995,Male,468
West Dunbartonshire,1995,Male,598
West Lothian,1995,Male,1067
Aberdeen City,1996,All people,2402
Aberdeenshire,1996,All people,2627
Angus,1996,All people,1219
Argyll and Bute,1996,All people,955
City of Edinburgh,1996,All people,5130
Clackmannanshire,1996,All people,598
Dumfries and Galloway,1996,All people,1610
Dundee City,1996,All people,1728
East Ayrshire,1996,All people,1395
East Dunbartonshire,1996,All people,1167
East Lothian,1996,All people,1086
East Renfrewshire,1996,All people,1010
Falkirk,1996,All people,1677
Fife,1996,All people,3830
Glasgow City,1996,All people,7696
Highland,1996,All people,2377
Inverclyde,1996,All people,1016
Midlothian,1996,All people,899
Moray,1996,All people,1021
Na h-Eileanan Siar,1996,All people,281
North Ayrshire,1996,All people,1581
North Lanarkshire,1996,All people,4092
Orkney Islands,1996,All people,214
Perth and Kinross,1996,All people,1386
Renfrewshire,1996,All people,2122
Scotland,1996,All people,59296
Scottish Borders,1996,All people,1132
Shetland Islands,1996,All people,269
South Ayrshire,1996,All people,1159
South Lanarkshire,1996,All people,3534
Stirling,1996,All people,914
West Dunbartonshire,1996,All people,1198
West Lothian,1996,All people,1971
Aberdeen City,1996,Female,1125
Aberdeenshire,1996,Female,1235
Angus,1996,Female,597
Argyll and Bute,1996,Female,463
City of Edinburgh,1996,Female,2486
Clackmannanshire,1996,Female,289
Dumfries and Galloway,1996,Female,785
Dundee City,1996,Female,833
East Ayrshire,1996,Female,681
East Dunbartonshire,1996,Female,577
East Lothian,1996,Female,550
East Renfrewshire,1996,Female,508
Falkirk,1996,Female,805
Fife,1996,Female,1877
Glasgow City,1996,Female,3716
Highland,1996,Female,1132
Inverclyde,1996,Female,497
Midlothian,1996,Female,424
Moray,1996,Female,522
Na h-Eileanan Siar,1996,Female,141
North Ayrshire,1996,Female,770
North Lanarkshire,1996,Female,1998
Orkney Islands,1996,Female,87
Perth and Kinross,1996,Female,708
Renfrewshire,1996,Female,1005
Scotland,1996,Female,28773
Scottish Borders,1996,Female,574
Shetland Islands,1996,Female,130
South Ayrshire,1996,Female,584
South Lanarkshire,1996,Female,1717
Stirling,1996,Female,428
West Dunbartonshire,1996,Female,553
West Lothian,1996,Female,976
Aberdeen City,1996,Male,1277
Aberdeenshire,1996,Male,1392
Angus,1996,Male,622
Argyll and Bute,1996,Male,492
City of Edinburgh,1996,Male,2644
Clackmannanshire,1996,Male,309
Dumfries and Galloway,1996,Male,825
Dundee City,1996,Male,895
East Ayrshire,1996,Male,714
East Dunbartonshire,1996,Male,590
East Lothian,1996,Male,536
East Renfrewshire,1996,Male,502
Falkirk,1996,Male,872
Fife,1996,Male,1953
Glasgow City,1996,Male,3980
Highland,1996,Male,1245
Inverclyde,1996,Male,519
Midlothian,1996,Male,475
Moray,1996,Male,499
Na h-Eileanan Siar,1996,Male,140
North Ayrshire,1996,Male,811
North Lanarkshire,1996,Male,2094
Orkney Islands,1996,Male,127
Perth and Kinross,1996,Male,678
Renfrewshire,1996,Male,1117
Scotland,1996,Male,30523
Scottish Borders,1996,Male,558
Shetland Islands,1996,Male,139
South Ayrshire,1996,Male,575
South Lanarkshire,1996,Male,1817
Stirling,1996,Male,486
West Dunbartonshire,1996,Male,645
West Lothian,1996,Male,995
Aberdeen City,1997,All people,2366
Aberdeenshire,1997,All people,2594
Angus,1997,All people,1236
Argyll and Bute,1997,All people,948
City of Edinburgh,1997,All people,5110
Clackmannanshire,1997,All people,570
Dumfries and Galloway,1997,All people,1568
Dundee City,1997,All people,1732
East Ayrshire,1997,All people,1381
East Dunbartonshire,1997,All people,1169
East Lothian,1997,All people,1085
East Renfrewshire,1997,All people,1039
Falkirk,1997,All people,1639
Fife,1997,All people,3824
Glasgow City,1997,All people,7609
Highland,1997,All people,2443
Inverclyde,1997,All people,980
Midlothian,1997,All people,942
Moray,1997,All people,1084
Na h-Eileanan Siar,1997,All people,252
North Ayrshire,1997,All people,1636
North Lanarkshire,1997,All people,4090
Orkney Islands,1997,All people,224
Perth and Kinross,1997,All people,1436
Renfrewshire,1997,All people,2194
Scotland,1997,All people,59440
Scottish Borders,1997,All people,1132
Shetland Islands,1997,All people,286
South Ayrshire,1997,All people,1150
South Lanarkshire,1997,All people,3560
Stirling,1997,All people,969
West Dunbartonshire,1997,All people,1157
West Lothian,1997,All people,2035
Aberdeen City,1997,Female,1124
Aberdeenshire,1997,Female,1240
Angus,1997,Female,585
Argyll and Bute,1997,Female,451
City of Edinburgh,1997,Female,2523
Clackmannanshire,1997,Female,281
Dumfries and Galloway,1997,Female,766
Dundee City,1997,Female,864
East Ayrshire,1997,Female,633
East Dunbartonshire,1997,Female,563
East Lothian,1997,Female,529
East Renfrewshire,1997,Female,514
Falkirk,1997,Female,801
Fife,1997,Female,1905
Glasgow City,1997,Female,3737
Highland,1997,Female,1175
Inverclyde,1997,Female,461
Midlothian,1997,Female,468
Moray,1997,Female,502
Na h-Eileanan Siar,1997,Female,128
North Ayrshire,1997,Female,804
North Lanarkshire,1997,Female,1992
Orkney Islands,1997,Female,102
Perth and Kinross,1997,Female,701
Renfrewshire,1997,Female,1058
Scotland,1997,Female,28924
Scottish Borders,1997,Female,567
Shetland Islands,1997,Female,157
South Ayrshire,1997,Female,570
South Lanarkshire,1997,Female,1676
Stirling,1997,Female,474
West Dunbartonshire,1997,Female,571
West Lothian,1997,Female,1002
Aberdeen City,1997,Male,1242
Aberdeenshire,1997,Male,1354
Angus,1997,Male,651
Argyll and Bute,1997,Male,497
City of Edinburgh,1997,Male,2587
Clackmannanshire,1997,Male,289
Dumfries and Galloway,1997,Male,802
Dundee City,1997,Male,868
East Ayrshire,1997,Male,748
East Dunbartonshire,1997,Male,606
East Lothian,1997,Male,556
East Renfrewshire,1997,Male,525
Falkirk,1997,Male,838
Fife,1997,Male,1919
Glasgow City,1997,Male,3872
Highland,1997,Male,1268
Inverclyde,1997,Male,519
Midlothian,1997,Male,474
Moray,1997,Male,582
Na h-Eileanan Siar,1997,Male,124
North Ayrshire,1997,Male,832
North Lanarkshire,1997,Male,2098
Orkney Islands,1997,Male,122
Perth and Kinross,1997,Male,735
Renfrewshire,1997,Male,1136
Scotland,1997,Male,30516
Scottish Borders,1997,Male,565
Shetland Islands,1997,Male,129
South Ayrshire,1997,Male,580
South Lanarkshire,1997,Male,1884
Stirling,1997,Male,495
West Dunbartonshire,1997,Male,586
West Lothian,1997,Male,1033
Aberdeen City,1998,All people,2339
Aberdeenshire,1998,All people,2594
Angus,1998,All people,1180
Argyll and Bute,1998,All people,850
City of Edinburgh,1998,All people,4857
Clackmannanshire,1998,All people,537
Dumfries and Galloway,1998,All people,1514
Dundee City,1998,All people,1652
East Ayrshire,1998,All people,1351
East Dunbartonshire,1998,All people,1117
East Lothian,1998,All people,1008
East Renfrewshire,1998,All people,1013
Falkirk,1998,All people,1700
Fife,1998,All people,3854
Glasgow City,1998,All people,7146
Highland,1998,All people,2451
Inverclyde,1998,All people,910
Midlothian,1998,All people,964
Moray,1998,All people,1034
Na h-Eileanan Siar,1998,All people,274
North Ayrshire,1998,All people,1540
North Lanarkshire,1998,All people,4078
Orkney Islands,1998,All people,194
Perth and Kinross,1998,All people,1364
Renfrewshire,1998,All people,2014
Scotland,1998,All people,57319
Scottish Borders,1998,All people,1038
Shetland Islands,1998,All people,265
South Ayrshire,1998,All people,1165
South Lanarkshire,1998,All people,3303
Stirling,1998,All people,921
West Dunbartonshire,1998,All people,1116
West Lothian,1998,All people,1976
Aberdeen City,1998,Female,1130
Aberdeenshire,1998,Female,1243
Angus,1998,Female,563
Argyll and Bute,1998,Female,408
City of Edinburgh,1998,Female,2350
Clackmannanshire,1998,Female,259
Dumfries and Galloway,1998,Female,734
Dundee City,1998,Female,815
East Ayrshire,1998,Female,661
East Dunbartonshire,1998,Female,536
East Lothian,1998,Female,518
East Renfrewshire,1998,Female,495
Falkirk,1998,Female,813
Fife,1998,Female,1886
Glasgow City,1998,Female,3430
Highland,1998,Female,1175
Inverclyde,1998,Female,436
Midlothian,1998,Female,502
Moray,1998,Female,508
Na h-Eileanan Siar,1998,Female,143
North Ayrshire,1998,Female,750
North Lanarkshire,1998,Female,1995
Orkney Islands,1998,Female,91
Perth and Kinross,1998,Female,652
Renfrewshire,1998,Female,1021
Scotland,1998,Female,27823
Scottish Borders,1998,Female,501
Shetland Islands,1998,Female,139
South Ayrshire,1998,Female,562
South Lanarkshire,1998,Female,1598
Stirling,1998,Female,432
West Dunbartonshire,1998,Female,527
West Lothian,1998,Female,950
Aberdeen City,1998,Male,1209
Aberdeenshire,1998,Male,1351
Angus,1998,Male,617
Argyll and Bute,1998,Male,442
City of Edinburgh,1998,Male,2507
Clackmannanshire,1998,Male,278
Dumfries and Galloway,1998,Male,780
Dundee City,1998,Male,837
East Ayrshire,1998,Male,690
East Dunbartonshire,1998,Male,581
East Lothian,1998,Male,490
East Renfrewshire,1998,Male,518
Falkirk,1998,Male,887
Fife,1998,Male,1968
Glasgow City,1998,Male,3716
Highland,1998,Male,1276
Inverclyde,1998,Male,474
Midlothian,1998,Male,462
Moray,1998,Male,526
Na h-Eileanan Siar,1998,Male,131
North Ayrshire,1998,Male,790
North Lanarkshire,1998,Male,2083
Orkney Islands,1998,Male,103
Perth and Kinross,1998,Male,712
Renfrewshire,1998,Male,993
Scotland,1998,Male,29496
Scottish Borders,1998,Male,537
Shetland Islands,1998,Male,126
South Ayrshire,1998,Male,603
South Lanarkshire,1998,Male,1705
Stirling,1998,Male,489
West Dunbartonshire,1998,Male,589
West Lothian,1998,Male,1026
Aberdeen City,1999,All people,2311
Aberdeenshire,1999,All people,2501
Angus,1999,All people,1085
Argyll and Bute,1999,All people,834
City of Edinburgh,1999,All people,4764
Clackmannanshire,1999,All people,544
Dumfries and Galloway,1999,All people,1402
Dundee City,1999,All people,1522
East Ayrshire,1999,All people,1290
East Dunbartonshire,1999,All people,1057
East Lothian,1999,All people,968
East Renfrewshire,1999,All people,953
Falkirk,1999,All people,1603
Fife,1999,All people,3655
Glasgow City,1999,All people,6830
Highland,1999,All people,2223
Inverclyde,1999,All people,947
Midlothian,1999,All people,962
Moray,1999,All people,973
Na h-Eileanan Siar,1999,All people,265
North Ayrshire,1999,All people,1414
North Lanarkshire,1999,All people,3859
Orkney Islands,1999,All people,188
Perth and Kinross,1999,All people,1372
Renfrewshire,1999,All people,1980
Scotland,1999,All people,55147
Scottish Borders,1999,All people,1054
Shetland Islands,1999,All people,284
South Ayrshire,1999,All people,1036
South Lanarkshire,1999,All people,3342
Stirling,1999,All people,882
West Dunbartonshire,1999,All people,1051
West Lothian,1999,All people,1996
Aberdeen City,1999,Female,1130
Aberdeenshire,1999,Female,1238
Angus,1999,Female,537
Argyll and Bute,1999,Female,403
City of Edinburgh,1999,Female,2362
Clackmannanshire,1999,Female,251
Dumfries and Galloway,1999,Female,684
Dundee City,1999,Female,729
East Ayrshire,1999,Female,659
East Dunbartonshire,1999,Female,505
East Lothian,1999,Female,484
East Renfrewshire,1999,Female,462
Falkirk,1999,Female,791
Fife,1999,Female,1761
Glasgow City,1999,Female,3369
Highland,1999,Female,1016
Inverclyde,1999,Female,457
Midlothian,1999,Female,500
Moray,1999,Female,449
Na h-Eileanan Siar,1999,Female,123
North Ayrshire,1999,Female,685
North Lanarkshire,1999,Female,1827
Orkney Islands,1999,Female,93
Perth and Kinross,1999,Female,631
Renfrewshire,1999,Female,987
Scotland,1999,Female,26901
Scottish Borders,1999,Female,523
Shetland Islands,1999,Female,144
South Ayrshire,1999,Female,471
South Lanarkshire,1999,Female,1675
Stirling,1999,Female,440
West Dunbartonshire,1999,Female,530
West Lothian,1999,Female,985
Aberdeen City,1999,Male,1181
Aberdeenshire,1999,Male,1263
Angus,1999,Male,548
Argyll and Bute,1999,Male,431
City of Edinburgh,1999,Male,2402
Clackmannanshire,1999,Male,293
Dumfries and Galloway,1999,Male,718
Dundee City,1999,Male,793
East Ayrshire,1999,Male,631
East Dunbartonshire,1999,Male,552
East Lothian,1999,Male,484
East Renfrewshire,1999,Male,491
Falkirk,1999,Male,812
Fife,1999,Male,1894
Glasgow City,1999,Male,3461
Highland,1999,Male,1207
Inverclyde,1999,Male,490
Midlothian,1999,Male,462
Moray,1999,Male,524
Na h-Eileanan Siar,1999,Male,142
North Ayrshire,1999,Male,729
North Lanarkshire,1999,Male,2032
Orkney Islands,1999,Male,95
Perth and Kinross,1999,Male,741
Renfrewshire,1999,Male,993
Scotland,1999,Male,28246
Scottish Borders,1999,Male,531
Shetland Islands,1999,Male,140
South Ayrshire,1999,Male,565
South Lanarkshire,1999,Male,1667
Stirling,1999,Male,442
West Dunbartonshire,1999,Male,521
West Lothian,1999,Male,1011
Aberdeen City,2000,All people,2088
Aberdeenshire,2000,All people,2320
Angus,2000,All people,1049
Argyll and Bute,2000,All people,792
City of Edinburgh,2000,All people,4643
Clackmannanshire,2000,All people,490
Dumfries and Galloway,2000,All people,1369
Dundee City,2000,All people,1462
East Ayrshire,2000,All people,1228
East Dunbartonshire,2000,All people,972
East Lothian,2000,All people,1013
East Renfrewshire,2000,All people,931
Falkirk,2000,All people,1555
Fife,2000,All people,3498
Glasgow City,2000,All people,6578
Highland,2000,All people,2153
Inverclyde,2000,All people,863
Midlothian,2000,All people,924
Moray,2000,All people,912
Na h-Eileanan Siar,2000,All people,228
North Ayrshire,2000,All people,1393
North Lanarkshire,2000,All people,3832
Orkney Islands,2000,All people,152
Perth and Kinross,2000,All people,1335
Renfrewshire,2000,All people,2007
Scotland,2000,All people,53076
Scottish Borders,2000,All people,1068
Shetland Islands,2000,All people,226
South Ayrshire,2000,All people,1050
South Lanarkshire,2000,All people,3162
Stirling,2000,All people,876
West Dunbartonshire,2000,All people,1008
West Lothian,2000,All people,1899
Aberdeen City,2000,Female,998
Aberdeenshire,2000,Female,1092
Angus,2000,Female,498
Argyll and Bute,2000,Female,376
City of Edinburgh,2000,Female,2273
Clackmannanshire,2000,Female,247
Dumfries and Galloway,2000,Female,670
Dundee City,2000,Female,723
East Ayrshire,2000,Female,611
East Dunbartonshire,2000,Female,474
East Lothian,2000,Female,524
East Renfrewshire,2000,Female,427
Falkirk,2000,Female,757
Fife,2000,Female,1674
Glasgow City,2000,Female,3165
Highland,2000,Female,1025
Inverclyde,2000,Female,418
Midlothian,2000,Female,452
Moray,2000,Female,440
Na h-Eileanan Siar,2000,Female,108
North Ayrshire,2000,Female,691
North Lanarkshire,2000,Female,1911
Orkney Islands,2000,Female,83
Perth and Kinross,2000,Female,652
Renfrewshire,2000,Female,1004
Scotland,2000,Female,25880
Scottish Borders,2000,Female,529
Shetland Islands,2000,Female,109
South Ayrshire,2000,Female,519
South Lanarkshire,2000,Female,1572
Stirling,2000,Female,447
West Dunbartonshire,2000,Female,479
West Lothian,2000,Female,932
Aberdeen City,2000,Male,1090
Aberdeenshire,2000,Male,1228
Angus,2000,Male,551
Argyll and Bute,2000,Male,416
City of Edinburgh,2000,Male,2370
Clackmannanshire,2000,Male,243
Dumfries and Galloway,2000,Male,699
Dundee City,2000,Male,739
East Ayrshire,2000,Male,617
East Dunbartonshire,2000,Male,498
East Lothian,2000,Male,489
East Renfrewshire,2000,Male,504
Falkirk,2000,Male,798
Fife,2000,Male,1824
Glasgow City,2000,Male,3413
Highland,2000,Male,1128
Inverclyde,2000,Male,445
Midlothian,2000,Male,472
Moray,2000,Male,472
Na h-Eileanan Siar,2000,Male,120
North Ayrshire,2000,Male,702
North Lanarkshire,2000,Male,1921
Orkney Islands,2000,Male,69
Perth and Kinross,2000,Male,683
Renfrewshire,2000,Male,1003
Scotland,2000,Male,27196
Scottish Borders,2000,Male,539
Shetland Islands,2000,Male,117
South Ayrshire,2000,Male,531
South Lanarkshire,2000,Male,1590
Stirling,2000,Male,429
West Dunbartonshire,2000,Male,529
West Lothian,2000,Male,967
Aberdeen City,2001,All people,2097
Aberdeenshire,2001,All people,2247
Angus,2001,All people,1103
Argyll and Bute,2001,All people,780
City of Edinburgh,2001,All people,4489
Clackmannanshire,2001,All people,529
Dumfries and Galloway,2001,All people,1283
Dundee City,2001,All people,1468
East Ayrshire,2001,All people,1198
East Dunbartonshire,2001,All people,983
East Lothian,2001,All people,940
East Renfrewshire,2001,All people,954
Falkirk,2001,All people,1448
Fife,2001,All people,3642
Glasgow City,2001,All people,6645
Highland,2001,All people,2131
Inverclyde,2001,All people,850
Midlothian,2001,All people,922
Moray,2001,All people,869
Na h-Eileanan Siar,2001,All people,226
North Ayrshire,2001,All people,1421
North Lanarkshire,2001,All people,3676
Orkney Islands,2001,All people,174
Perth and Kinross,2001,All people,1334
Renfrewshire,2001,All people,1796
Scotland,2001,All people,52527
Scottish Borders,2001,All people,1066
Shetland Islands,2001,All people,247
South Ayrshire,2001,All people,1056
South Lanarkshire,2001,All people,3161
Stirling,2001,All people,840
West Dunbartonshire,2001,All people,972
West Lothian,2001,All people,1980
Aberdeen City,2001,Female,1034
Aberdeenshire,2001,Female,1095
Angus,2001,Female,530
Argyll and Bute,2001,Female,381
City of Edinburgh,2001,Female,2209
Clackmannanshire,2001,Female,269
Dumfries and Galloway,2001,Female,622
Dundee City,2001,Female,712
East Ayrshire,2001,Female,610
East Dunbartonshire,2001,Female,448
East Lothian,2001,Female,458
East Renfrewshire,2001,Female,471
Falkirk,2001,Female,731
Fife,2001,Female,1782
Glasgow City,2001,Female,3269
Highland,2001,Female,1021
Inverclyde,2001,Female,434
Midlothian,2001,Female,458
Moray,2001,Female,429
Na h-Eileanan Siar,2001,Female,109
North Ayrshire,2001,Female,714
North Lanarkshire,2001,Female,1771
Orkney Islands,2001,Female,93
Perth and Kinross,2001,Female,643
Renfrewshire,2001,Female,885
Scotland,2001,Female,25741
Scottish Borders,2001,Female,537
Shetland Islands,2001,Female,115
South Ayrshire,2001,Female,483
South Lanarkshire,2001,Female,1534
Stirling,2001,Female,403
West Dunbartonshire,2001,Female,493
West Lothian,2001,Female,998
Aberdeen City,2001,Male,1063
Aberdeenshire,2001,Male,1152
Angus,2001,Male,573
Argyll and Bute,2001,Male,399
City of Edinburgh,2001,Male,2280
Clackmannanshire,2001,Male,260
Dumfries and Galloway,2001,Male,661
Dundee City,2001,Male,756
East Ayrshire,2001,Male,588
East Dunbartonshire,2001,Male,535
East Lothian,2001,Male,482
East Renfrewshire,2001,Male,483
Falkirk,2001,Male,717
Fife,2001,Male,1860
Glasgow City,2001,Male,3376
Highland,2001,Male,1110
Inverclyde,2001,Male,416
Midlothian,2001,Male,464
Moray,2001,Male,440
Na h-Eileanan Siar,2001,Male,117
North Ayrshire,2001,Male,707
North Lanarkshire,2001,Male,1905
Orkney Islands,2001,Male,81
Perth and Kinross,2001,Male,691
Renfrewshire,2001,Male,911
Scotland,2001,Male,26786
Scottish Borders,2001,Male,529
Shetland Islands,2001,Male,132
South Ayrshire,2001,Male,573
South Lanarkshire,2001,Male,1627
Stirling,2001,Male,437
West Dunbartonshire,2001,Male,479
West Lothian,2001,Male,982
Aberdeen City,2002,All people,2098
Aberdeenshire,2002,All people,2326
Angus,2002,All people,1014
Argyll and Bute,2002,All people,755
City of Edinburgh,2002,All people,4477
Clackmannanshire,2002,All people,480
Dumfries and Galloway,2002,All people,1343
Dundee City,2002,All people,1436
East Ayrshire,2002,All people,1157
East Dunbartonshire,2002,All people,942
East Lothian,2002,All people,910
East Renfrewshire,2002,All people,916
Falkirk,2002,All people,1507
Fife,2002,All people,3536
Glasgow City,2002,All people,6386
Highland,2002,All people,1977
Inverclyde,2002,All people,787
Midlothian,2002,All people,863
Moray,2002,All people,876
Na h-Eileanan Siar,2002,All people,242
North Ayrshire,2002,All people,1379
North Lanarkshire,2002,All people,3664
Orkney Islands,2002,All people,164
Perth and Kinross,2002,All people,1245
Renfrewshire,2002,All people,1797
Scotland,2002,All people,51270
Scottish Borders,2002,All people,1021
Shetland Islands,2002,All people,209
South Ayrshire,2002,All people,955
South Lanarkshire,2002,All people,3076
Stirling,2002,All people,833
West Dunbartonshire,2002,All people,939
West Lothian,2002,All people,1960
Aberdeen City,2002,Female,1018
Aberdeenshire,2002,Female,1159
Angus,2002,Female,501
Argyll and Bute,2002,Female,357
City of Edinburgh,2002,Female,2097
Clackmannanshire,2002,Female,219
Dumfries and Galloway,2002,Female,639
Dundee City,2002,Female,694
East Ayrshire,2002,Female,588
East Dunbartonshire,2002,Female,469
East Lothian,2002,Female,443
East Renfrewshire,2002,Female,448
Falkirk,2002,Female,742
Fife,2002,Female,1711
Glasgow City,2002,Female,3139
Highland,2002,Female,993
Inverclyde,2002,Female,389
Midlothian,2002,Female,413
Moray,2002,Female,393
Na h-Eileanan Siar,2002,Female,128
North Ayrshire,2002,Female,649
North Lanarkshire,2002,Female,1821
Orkney Islands,2002,Female,91
Perth and Kinross,2002,Female,598
Renfrewshire,2002,Female,897
Scotland,2002,Female,25052
Scottish Borders,2002,Female,499
Shetland Islands,2002,Female,85
South Ayrshire,2002,Female,454
South Lanarkshire,2002,Female,1533
Stirling,2002,Female,396
West Dunbartonshire,2002,Female,473
West Lothian,2002,Female,1016
Aberdeen City,2002,Male,1080
Aberdeenshire,2002,Male,1167
Angus,2002,Male,513
Argyll and Bute,2002,Male,398
City of Edinburgh,2002,Male,2380
Clackmannanshire,2002,Male,261
Dumfries and Galloway,2002,Male,704
Dundee City,2002,Male,742
East Ayrshire,2002,Male,569
East Dunbartonshire,2002,Male,473
East Lothian,2002,Male,467
East Renfrewshire,2002,Male,468
Falkirk,2002,Male,765
Fife,2002,Male,1825
Glasgow City,2002,Male,3247
Highland,2002,Male,984
Inverclyde,2002,Male,398
Midlothian,2002,Male,450
Moray,2002,Male,483
Na h-Eileanan Siar,2002,Male,114
North Ayrshire,2002,Male,730
North Lanarkshire,2002,Male,1843
Orkney Islands,2002,Male,73
Perth and Kinross,2002,Male,647
Renfrewshire,2002,Male,900
Scotland,2002,Male,26218
Scottish Borders,2002,Male,522
Shetland Islands,2002,Male,124
South Ayrshire,2002,Male,501
South Lanarkshire,2002,Male,1543
Stirling,2002,Male,437
West Dunbartonshire,2002,Male,466
West Lothian,2002,Male,944
Aberdeen City,2003,All people,2003
Aberdeenshire,2003,All people,2368
Angus,2003,All people,1089
Argyll and Bute,2003,All people,732
City of Edinburgh,2003,All people,4577
Clackmannanshire,2003,All people,468
Dumfries and Galloway,2003,All people,1307
Dundee City,2003,All people,1548
East Ayrshire,2003,All people,1236
East Dunbartonshire,2003,All people,948
East Lothian,2003,All people,953
East Renfrewshire,2003,All people,883
Falkirk,2003,All people,1595
Fife,2003,All people,3642
Glasgow City,2003,All people,6573
Highland,2003,All people,2085
Inverclyde,2003,All people,830
Midlothian,2003,All people,847
Moray,2003,All people,824
Na h-Eileanan Siar,2003,All people,255
North Ayrshire,2003,All people,1382
North Lanarkshire,2003,All people,3771
Orkney Islands,2003,All people,171
Perth and Kinross,2003,All people,1292
Renfrewshire,2003,All people,1785
Scotland,2003,All people,52432
Scottish Borders,2003,All people,1048
Shetland Islands,2003,All people,251
South Ayrshire,2003,All people,984
South Lanarkshire,2003,All people,3092
Stirling,2003,All people,866
West Dunbartonshire,2003,All people,984
West Lothian,2003,All people,2043
Aberdeen City,2003,Female,966
Aberdeenshire,2003,Female,1157
Angus,2003,Female,528
Argyll and Bute,2003,Female,359
City of Edinburgh,2003,Female,2183
Clackmannanshire,2003,Female,222
Dumfries and Galloway,2003,Female,661
Dundee City,2003,Female,745
East Ayrshire,2003,Female,590
East Dunbartonshire,2003,Female,447
East Lothian,2003,Female,505
East Renfrewshire,2003,Female,438
Falkirk,2003,Female,759
Fife,2003,Female,1776
Glasgow City,2003,Female,3128
Highland,2003,Female,1063
Inverclyde,2003,Female,403
Midlothian,2003,Female,392
Moray,2003,Female,406
Na h-Eileanan Siar,2003,Female,129
North Ayrshire,2003,Female,669
North Lanarkshire,2003,Female,1865
Orkney Islands,2003,Female,80
Perth and Kinross,2003,Female,624
Renfrewshire,2003,Female,875
Scotland,2003,Female,25526
Scottish Borders,2003,Female,520
Shetland Islands,2003,Female,118
South Ayrshire,2003,Female,497
South Lanarkshire,2003,Female,1522
Stirling,2003,Female,413
West Dunbartonshire,2003,Female,472
West Lothian,2003,Female,1014
Aberdeen City,2003,Male,1037
Aberdeenshire,2003,Male,1211
Angus,2003,Male,561
Argyll and Bute,2003,Male,373
City of Edinburgh,2003,Male,2394
Clackmannanshire,2003,Male,246
Dumfries and Galloway,2003,Male,646
Dundee City,2003,Male,803
East Ayrshire,2003,Male,646
East Dunbartonshire,2003,Male,501
East Lothian,2003,Male,448
East Renfrewshire,2003,Male,445
Falkirk,2003,Male,836
Fife,2003,Male,1866
Glasgow City,2003,Male,3445
Highland,2003,Male,1022
Inverclyde,2003,Male,427
Midlothian,2003,Male,455
Moray,2003,Male,418
Na h-Eileanan Siar,2003,Male,126
North Ayrshire,2003,Male,713
North Lanarkshire,2003,Male,1906
Orkney Islands,2003,Male,91
Perth and Kinross,2003,Male,668
Renfrewshire,2003,Male,910
Scotland,2003,Male,26906
Scottish Borders,2003,Male,528
Shetland Islands,2003,Male,133
South Ayrshire,2003,Male,487
South Lanarkshire,2003,Male,1570
Stirling,2003,Male,453
West Dunbartonshire,2003,Male,512
West Lothian,2003,Male,1029
Aberdeen City,2004,All people,2075
Aberdeenshire,2004,All people,2388
Angus,2004,All people,1071
Argyll and Bute,2004,All people,807
City of Edinburgh,2004,All people,4568
Clackmannanshire,2004,All people,501
Dumfries and Galloway,2004,All people,1431
Dundee City,2004,All people,1539
East Ayrshire,2004,All people,1271
East Dunbartonshire,2004,All people,889
East Lothian,2004,All people,950
East Renfrewshire,2004,All people,941
Falkirk,2004,All people,1735
Fife,2004,All people,3735
Glasgow City,2004,All people,6612
Highland,2004,All people,2175
Inverclyde,2004,All people,898
Midlothian,2004,All people,881
Moray,2004,All people,854
Na h-Eileanan Siar,2004,All people,223
North Ayrshire,2004,All people,1406
North Lanarkshire,2004,All people,4005
Orkney Islands,2004,All people,171
Perth and Kinross,2004,All people,1285
Renfrewshire,2004,All people,1885
Scotland,2004,All people,53957
Scottish Borders,2004,All people,1052
Shetland Islands,2004,All people,230
South Ayrshire,2004,All people,1030
South Lanarkshire,2004,All people,3358
Stirling,2004,All people,934
West Dunbartonshire,2004,All people,999
West Lothian,2004,All people,2058
Aberdeen City,2004,Female,991
Aberdeenshire,2004,Female,1138
Angus,2004,Female,529
Argyll and Bute,2004,Female,382
City of Edinburgh,2004,Female,2156
Clackmannanshire,2004,Female,236
Dumfries and Galloway,2004,Female,705
Dundee City,2004,Female,731
East Ayrshire,2004,Female,610
East Dunbartonshire,2004,Female,436
East Lothian,2004,Female,450
East Renfrewshire,2004,Female,454
Falkirk,2004,Female,851
Fife,2004,Female,1830
Glasgow City,2004,Female,3261
Highland,2004,Female,1043
Inverclyde,2004,Female,442
Midlothian,2004,Female,427
Moray,2004,Female,434
Na h-Eileanan Siar,2004,Female,113
North Ayrshire,2004,Female,673
North Lanarkshire,2004,Female,1942
Orkney Islands,2004,Female,78
Perth and Kinross,2004,Female,605
Renfrewshire,2004,Female,944
Scotland,2004,Female,26188
Scottish Borders,2004,Female,500
Shetland Islands,2004,Female,111
South Ayrshire,2004,Female,510
South Lanarkshire,2004,Female,1677
Stirling,2004,Female,456
West Dunbartonshire,2004,Female,479
West Lothian,2004,Female,994
Aberdeen City,2004,Male,1084
Aberdeenshire,2004,Male,1250
Angus,2004,Male,542
Argyll and Bute,2004,Male,425
City of Edinburgh,2004,Male,2412
Clackmannanshire,2004,Male,265
Dumfries and Galloway,2004,Male,726
Dundee City,2004,Male,808
East Ayrshire,2004,Male,661
East Dunbartonshire,2004,Male,453
East Lothian,2004,Male,500
East Renfrewshire,2004,Male,487
Falkirk,2004,Male,884
Fife,2004,Male,1905
Glasgow City,2004,Male,3351
Highland,2004,Male,1132
Inverclyde,2004,Male,456
Midlothian,2004,Male,454
Moray,2004,Male,420
Na h-Eileanan Siar,2004,Male,110
North Ayrshire,2004,Male,733
North Lanarkshire,2004,Male,2063
Orkney Islands,2004,Male,93
Perth and Kinross,2004,Male,680
Renfrewshire,2004,Male,941
Scotland,2004,Male,27769
Scottish Borders,2004,Male,552
Shetland Islands,2004,Male,119
South Ayrshire,2004,Male,520
South Lanarkshire,2004,Male,1681
Stirling,2004,Male,478
West Dunbartonshire,2004,Male,520
West Lothian,2004,Male,1064
Aberdeen City,2005,All people,2061
Aberdeenshire,2005,All people,2465
Angus,2005,All people,1095
Argyll and Bute,2005,All people,773
City of Edinburgh,2005,All people,4691
Clackmannanshire,2005,All people,528
Dumfries and Galloway,2005,All people,1407
Dundee City,2005,All people,1545
East Ayrshire,2005,All people,1258
East Dunbartonshire,2005,All people,930
East Lothian,2005,All people,1054
East Renfrewshire,2005,All people,898
Falkirk,2005,All people,1738
Fife,2005,All people,3831
Glasgow City,2005,All people,6833
Highland,2005,All people,2233
Inverclyde,2005,All people,902
Midlothian,2005,All people,867
Moray,2005,All people,878
Na h-Eileanan Siar,2005,All people,233
North Ayrshire,2005,All people,1379
North Lanarkshire,2005,All people,3834
Orkney Islands,2005,All people,180
Perth and Kinross,2005,All people,1347
Renfrewshire,2005,All people,1869
Scotland,2005,All people,54386
Scottish Borders,2005,All people,1047
Shetland Islands,2005,All people,227
South Ayrshire,2005,All people,976
South Lanarkshire,2005,All people,3322
Stirling,2005,All people,873
West Dunbartonshire,2005,All people,1000
West Lothian,2005,All people,2112
Aberdeen City,2005,Female,1020
Aberdeenshire,2005,Female,1183
Angus,2005,Female,515
Argyll and Bute,2005,Female,373
City of Edinburgh,2005,Female,2231
Clackmannanshire,2005,Female,254
Dumfries and Galloway,2005,Female,674
Dundee City,2005,Female,766
East Ayrshire,2005,Female,623
East Dunbartonshire,2005,Female,440
East Lothian,2005,Female,500
East Renfrewshire,2005,Female,449
Falkirk,2005,Female,837
Fife,2005,Female,1906
Glasgow City,2005,Female,3288
Highland,2005,Female,1061
Inverclyde,2005,Female,431
Midlothian,2005,Female,431
Moray,2005,Female,433
Na h-Eileanan Siar,2005,Female,123
North Ayrshire,2005,Female,674
North Lanarkshire,2005,Female,1842
Orkney Islands,2005,Female,91
Perth and Kinross,2005,Female,659
Renfrewshire,2005,Female,926
Scotland,2005,Female,26303
Scottish Borders,2005,Female,505
Shetland Islands,2005,Female,105
South Ayrshire,2005,Female,485
South Lanarkshire,2005,Female,1594
Stirling,2005,Female,425
West Dunbartonshire,2005,Female,471
West Lothian,2005,Female,988
Aberdeen City,2005,Male,1041
Aberdeenshire,2005,Male,1282
Angus,2005,Male,580
Argyll and Bute,2005,Male,400
City of Edinburgh,2005,Male,2460
Clackmannanshire,2005,Male,274
Dumfries and Galloway,2005,Male,733
Dundee City,2005,Male,779
East Ayrshire,2005,Male,635
East Dunbartonshire,2005,Male,490
East Lothian,2005,Male,554
East Renfrewshire,2005,Male,449
Falkirk,2005,Male,901
Fife,2005,Male,1925
Glasgow City,2005,Male,3545
Highland,2005,Male,1172
Inverclyde,2005,Male,471
Midlothian,2005,Male,436
Moray,2005,Male,445
Na h-Eileanan Siar,2005,Male,110
North Ayrshire,2005,Male,705
North Lanarkshire,2005,Male,1992
Orkney Islands,2005,Male,89
Perth and Kinross,2005,Male,688
Renfrewshire,2005,Male,943
Scotland,2005,Male,28083
Scottish Borders,2005,Male,542
Shetland Islands,2005,Male,122
South Ayrshire,2005,Male,491
South Lanarkshire,2005,Male,1728
Stirling,2005,Male,448
West Dunbartonshire,2005,Male,529
West Lothian,2005,Male,1124
Aberdeen City,2006,All people,2200
Aberdeenshire,2006,All people,2589
Angus,2006,All people,1110
Argyll and Bute,2006,All people,781
City of Edinburgh,2006,All people,4894
Clackmannanshire,2006,All people,546
Dumfries and Galloway,2006,All people,1471
Dundee City,2006,All people,1567
East Ayrshire,2006,All people,1316
East Dunbartonshire,2006,All people,922
East Lothian,2006,All people,1056
East Renfrewshire,2006,All people,858
Falkirk,2006,All people,1757
Fife,2006,All people,3999
Glasgow City,2006,All people,6617
Highland,2006,All people,2159
Inverclyde,2006,All people,846
Midlothian,2006,All people,887
Moray,2006,All people,899
Na h-Eileanan Siar,2006,All people,274
North Ayrshire,2006,All people,1501
North Lanarkshire,2006,All people,4001
Orkney Islands,2006,All people,213
Perth and Kinross,2006,All people,1331
Renfrewshire,2006,All people,1838
Scotland,2006,All people,55690
Scottish Borders,2006,All people,1111
Shetland Islands,2006,All people,268
South Ayrshire,2006,All people,1012
South Lanarkshire,2006,All people,3524
Stirling,2006,All people,908
West Dunbartonshire,2006,All people,1044
West Lothian,2006,All people,2191
Aberdeen City,2006,Female,1090
Aberdeenshire,2006,Female,1249
Angus,2006,Female,555
Argyll and Bute,2006,Female,381
City of Edinburgh,2006,Female,2390
Clackmannanshire,2006,Female,252
Dumfries and Galloway,2006,Female,712
Dundee City,2006,Female,737
East Ayrshire,2006,Female,652
East Dunbartonshire,2006,Female,460
East Lothian,2006,Female,495
East Renfrewshire,2006,Female,439
Falkirk,2006,Female,836
Fife,2006,Female,1993
Glasgow City,2006,Female,3244
Highland,2006,Female,1063
Inverclyde,2006,Female,404
Midlothian,2006,Female,459
Moray,2006,Female,415
Na h-Eileanan Siar,2006,Female,138
North Ayrshire,2006,Female,734
North Lanarkshire,2006,Female,1902
Orkney Islands,2006,Female,108
Perth and Kinross,2006,Female,679
Renfrewshire,2006,Female,886
Scotland,2006,Female,27217
Scottish Borders,2006,Female,535
Shetland Islands,2006,Female,142
South Ayrshire,2006,Female,512
South Lanarkshire,2006,Female,1747
Stirling,2006,Female,447
West Dunbartonshire,2006,Female,501
West Lothian,2006,Female,1060
Aberdeen City,2006,Male,1110
Aberdeenshire,2006,Male,1340
Angus,2006,Male,555
Argyll and Bute,2006,Male,400
City of Edinburgh,2006,Male,2504
Clackmannanshire,2006,Male,294
Dumfries and Galloway,2006,Male,759
Dundee City,2006,Male,830
East Ayrshire,2006,Male,664
East Dunbartonshire,2006,Male,462
East Lothian,2006,Male,561
East Renfrewshire,2006,Male,419
Falkirk,2006,Male,921
Fife,2006,Male,2006
Glasgow City,2006,Male,3373
Highland,2006,Male,1096
Inverclyde,2006,Male,442
Midlothian,2006,Male,428
Moray,2006,Male,484
Na h-Eileanan Siar,2006,Male,136
North Ayrshire,2006,Male,767
North Lanarkshire,2006,Male,2099
Orkney Islands,2006,Male,105
Perth and Kinross,2006,Male,652
Renfrewshire,2006,Male,952
Scotland,2006,Male,28473
Scottish Borders,2006,Male,576
Shetland Islands,2006,Male,126
South Ayrshire,2006,Male,500
South Lanarkshire,2006,Male,1777
Stirling,2006,Male,461
West Dunbartonshire,2006,Male,543
West Lothian,2006,Male,1131
Aberdeen City,2007,All people,2417
Aberdeenshire,2007,All people,2690
Angus,2007,All people,1152
Argyll and Bute,2007,All people,741
City of Edinburgh,2007,All people,5056
Clackmannanshire,2007,All people,634
Dumfries and Galloway,2007,All people,1507
Dundee City,2007,All people,1668
East Ayrshire,2007,All people,1304
East Dunbartonshire,2007,All people,892
East Lothian,2007,All people,1101
East Renfrewshire,2007,All people,893
Falkirk,2007,All people,1892
Fife,2007,All people,4076
Glasgow City,2007,All people,7154
Highland,2007,All people,2332
Inverclyde,2007,All people,857
Midlothian,2007,All people,937
Moray,2007,All people,1001
Na h-Eileanan Siar,2007,All people,263
North Ayrshire,2007,All people,1528
North Lanarkshire,2007,All people,4045
Orkney Islands,2007,All people,190
Perth and Kinross,2007,All people,1391
Renfrewshire,2007,All people,1898
Scotland,2007,All people,57781
Scottish Borders,2007,All people,1170
Shetland Islands,2007,All people,244
South Ayrshire,2007,All people,1029
South Lanarkshire,2007,All people,3452
Stirling,2007,All people,878
West Dunbartonshire,2007,All people,1105
West Lothian,2007,All people,2284
Aberdeen City,2007,Female,1194
Aberdeenshire,2007,Female,1252
Angus,2007,Female,552
Argyll and Bute,2007,Female,364
City of Edinburgh,2007,Female,2460
Clackmannanshire,2007,Female,313
Dumfries and Galloway,2007,Female,741
Dundee City,2007,Female,849
East Ayrshire,2007,Female,599
East Dunbartonshire,2007,Female,442
East Lothian,2007,Female,552
East Renfrewshire,2007,Female,416
Falkirk,2007,Female,960
Fife,2007,Female,1976
Glasgow City,2007,Female,3525
Highland,2007,Female,1099
Inverclyde,2007,Female,406
Midlothian,2007,Female,459
Moray,2007,Female,478
Na h-Eileanan Siar,2007,Female,117
North Ayrshire,2007,Female,744
North Lanarkshire,2007,Female,1929
Orkney Islands,2007,Female,96
Perth and Kinross,2007,Female,674
Renfrewshire,2007,Female,940
Scotland,2007,Female,28087
Scottish Borders,2007,Female,593
Shetland Islands,2007,Female,115
South Ayrshire,2007,Female,514
South Lanarkshire,2007,Female,1665
Stirling,2007,Female,418
West Dunbartonshire,2007,Female,543
West Lothian,2007,Female,1102
Aberdeen City,2007,Male,1223
Aberdeenshire,2007,Male,1438
Angus,2007,Male,600
Argyll and Bute,2007,Male,377
City of Edinburgh,2007,Male,2596
Clackmannanshire,2007,Male,321
Dumfries and Galloway,2007,Male,766
Dundee City,2007,Male,819
East Ayrshire,2007,Male,705
East Dunbartonshire,2007,Male,450
East Lothian,2007,Male,549
East Renfrewshire,2007,Male,477
Falkirk,2007,Male,932
Fife,2007,Male,2100
Glasgow City,2007,Male,3629
Highland,2007,Male,1233
Inverclyde,2007,Male,451
Midlothian,2007,Male,478
Moray,2007,Male,523
Na h-Eileanan Siar,2007,Male,146
North Ayrshire,2007,Male,784
North Lanarkshire,2007,Male,2116
Orkney Islands,2007,Male,94
Perth and Kinross,2007,Male,717
Renfrewshire,2007,Male,958
Scotland,2007,Male,29694
Scottish Borders,2007,Male,577
Shetland Islands,2007,Male,129
South Ayrshire,2007,Male,515
South Lanarkshire,2007,Male,1787
Stirling,2007,Male,460
West Dunbartonshire,2007,Male,562
West Lothian,2007,Male,1182
Aberdeen City,2008,All people,2596
Aberdeenshire,2008,All people,2771
Angus,2008,All people,1194
Argyll and Bute,2008,All people,807
City of Edinburgh,2008,All people,5440
Clackmannanshire,2008,All people,644
Dumfries and Galloway,2008,All people,1430
Dundee City,2008,All people,1801
East Ayrshire,2008,All people,1371
East Dunbartonshire,2008,All people,970
East Lothian,2008,All people,1182
East Renfrewshire,2008,All people,868
Falkirk,2008,All people,1949
Fife,2008,All people,4349
Glasgow City,2008,All people,7371
Highland,2008,All people,2482
Inverclyde,2008,All people,860
Midlothian,2008,All people,938
Moray,2008,All people,956
Na h-Eileanan Siar,2008,All people,257
North Ayrshire,2008,All people,1481
North Lanarkshire,2008,All people,4182
Orkney Islands,2008,All people,214
Perth and Kinross,2008,All people,1443
Renfrewshire,2008,All people,2012
Scotland,2008,All people,60041
Scottish Borders,2008,All people,1138
Shetland Islands,2008,All people,278
South Ayrshire,2008,All people,1067
South Lanarkshire,2008,All people,3689
Stirling,2008,All people,862
West Dunbartonshire,2008,All people,1104
West Lothian,2008,All people,2335
Aberdeen City,2008,Female,1298
Aberdeenshire,2008,Female,1363
Angus,2008,Female,617
Argyll and Bute,2008,Female,380
City of Edinburgh,2008,Female,2667
Clackmannanshire,2008,Female,312
Dumfries and Galloway,2008,Female,713
Dundee City,2008,Female,871
East Ayrshire,2008,Female,647
East Dunbartonshire,2008,Female,453
East Lothian,2008,Female,570
East Renfrewshire,2008,Female,427
Falkirk,2008,Female,997
Fife,2008,Female,2129
Glasgow City,2008,Female,3628
Highland,2008,Female,1196
Inverclyde,2008,Female,403
Midlothian,2008,Female,472
Moray,2008,Female,469
Na h-Eileanan Siar,2008,Female,116
North Ayrshire,2008,Female,715
North Lanarkshire,2008,Female,2051
Orkney Islands,2008,Female,95
Perth and Kinross,2008,Female,678
Renfrewshire,2008,Female,978
Scotland,2008,Female,29471
Scottish Borders,2008,Female,580
Shetland Islands,2008,Female,133
South Ayrshire,2008,Female,493
South Lanarkshire,2008,Female,1856
Stirling,2008,Female,437
West Dunbartonshire,2008,Female,580
West Lothian,2008,Female,1147
Aberdeen City,2008,Male,1298
Aberdeenshire,2008,Male,1408
Angus,2008,Male,577
Argyll and Bute,2008,Male,427
City of Edinburgh,2008,Male,2773
Clackmannanshire,2008,Male,332
Dumfries and Galloway,2008,Male,717
Dundee City,2008,Male,930
East Ayrshire,2008,Male,724
East Dunbartonshire,2008,Male,517
East Lothian,2008,Male,612
East Renfrewshire,2008,Male,441
Falkirk,2008,Male,952
Fife,2008,Male,2220
Glasgow City,2008,Male,3743
Highland,2008,Male,1286
Inverclyde,2008,Male,457
Midlothian,2008,Male,466
Moray,2008,Male,487
Na h-Eileanan Siar,2008,Male,141
North Ayrshire,2008,Male,766
North Lanarkshire,2008,Male,2131
Orkney Islands,2008,Male,119
Perth and Kinross,2008,Male,765
Renfrewshire,2008,Male,1034
Scotland,2008,Male,30570
Scottish Borders,2008,Male,558
Shetland Islands,2008,Male,145
South Ayrshire,2008,Male,574
South Lanarkshire,2008,Male,1833
Stirling,2008,Male,425
West Dunbartonshire,2008,Male,524
West Lothian,2008,Male,1188
Aberdeen City,2009,All people,2564
Aberdeenshire,2009,All people,2903
Angus,2009,All people,1165
Argyll and Bute,2009,All people,815
City of Edinburgh,2009,All people,5475
Clackmannanshire,2009,All people,610
Dumfries and Galloway,2009,All people,1507
Dundee City,2009,All people,1768
East Ayrshire,2009,All people,1362
East Dunbartonshire,2009,All people,929
East Lothian,2009,All people,1062
East Renfrewshire,2009,All people,848
Falkirk,2009,All people,1874
Fife,2009,All people,4135
Glasgow City,2009,All people,7512
Highland,2009,All people,2374
Inverclyde,2009,All people,813
Midlothian,2009,All people,947
Moray,2009,All people,966
Na h-Eileanan Siar,2009,All people,227
North Ayrshire,2009,All people,1498
North Lanarkshire,2009,All people,4067
Orkney Islands,2009,All people,199
Perth and Kinross,2009,All people,1425
Renfrewshire,2009,All people,1869
Scotland,2009,All people,59046
Scottish Borders,2009,All people,1159
Shetland Islands,2009,All people,273
South Ayrshire,2009,All people,1054
South Lanarkshire,2009,All people,3467
Stirling,2009,All people,863
West Dunbartonshire,2009,All people,1082
West Lothian,2009,All people,2234
Aberdeen City,2009,Female,1199
Aberdeenshire,2009,Female,1413
Angus,2009,Female,590
Argyll and Bute,2009,Female,429
City of Edinburgh,2009,Female,2716
Clackmannanshire,2009,Female,296
Dumfries and Galloway,2009,Female,755
Dundee City,2009,Female,839
East Ayrshire,2009,Female,685
East Dunbartonshire,2009,Female,439
East Lothian,2009,Female,519
East Renfrewshire,2009,Female,411
Falkirk,2009,Female,948
Fife,2009,Female,1986
Glasgow City,2009,Female,3705
Highland,2009,Female,1124
Inverclyde,2009,Female,365
Midlothian,2009,Female,440
Moray,2009,Female,468
Na h-Eileanan Siar,2009,Female,108
North Ayrshire,2009,Female,756
North Lanarkshire,2009,Female,2006
Orkney Islands,2009,Female,95
Perth and Kinross,2009,Female,714
Renfrewshire,2009,Female,906
Scotland,2009,Female,28881
Scottish Borders,2009,Female,590
Shetland Islands,2009,Female,131
South Ayrshire,2009,Female,506
South Lanarkshire,2009,Female,1729
Stirling,2009,Female,431
West Dunbartonshire,2009,Female,511
West Lothian,2009,Female,1071
Aberdeen City,2009,Male,1365
Aberdeenshire,2009,Male,1490
Angus,2009,Male,575
Argyll and Bute,2009,Male,386
City of Edinburgh,2009,Male,2759
Clackmannanshire,2009,Male,314
Dumfries and Galloway,2009,Male,752
Dundee City,2009,Male,929
East Ayrshire,2009,Male,677
East Dunbartonshire,2009,Male,490
East Lothian,2009,Male,543
East Renfrewshire,2009,Male,437
Falkirk,2009,Male,926
Fife,2009,Male,2149
Glasgow City,2009,Male,3807
Highland,2009,Male,1250
Inverclyde,2009,Male,448
Midlothian,2009,Male,507
Moray,2009,Male,498
Na h-Eileanan Siar,2009,Male,119
North Ayrshire,2009,Male,742
North Lanarkshire,2009,Male,2061
Orkney Islands,2009,Male,104
Perth and Kinross,2009,Male,711
Renfrewshire,2009,Male,963
Scotland,2009,Male,30165
Scottish Borders,2009,Male,569
Shetland Islands,2009,Male,142
South Ayrshire,2009,Male,548
South Lanarkshire,2009,Male,1738
Stirling,2009,Male,432
West Dunbartonshire,2009,Male,571
West Lothian,2009,Male,1163
Aberdeen City,2010,All people,2599
Aberdeenshire,2010,All people,2727
Angus,2010,All people,1096
Argyll and Bute,2010,All people,763
City of Edinburgh,2010,All people,5552
Clackmannanshire,2010,All people,620
Dumfries and Galloway,2010,All people,1445
Dundee City,2010,All people,1745
East Ayrshire,2010,All people,1334
East Dunbartonshire,2010,All people,924
East Lothian,2010,All people,1123
East Renfrewshire,2010,All people,872
Falkirk,2010,All people,1874
Fife,2010,All people,4172
Glasgow City,2010,All people,7565
Highland,2010,All people,2467
Inverclyde,2010,All people,791
Midlothian,2010,All people,994
Moray,2010,All people,928
Na h-Eileanan Siar,2010,All people,235
North Ayrshire,2010,All people,1450
North Lanarkshire,2010,All people,3929
Orkney Islands,2010,All people,197
Perth and Kinross,2010,All people,1466
Renfrewshire,2010,All people,1995
Scotland,2010,All people,58791
Scottish Borders,2010,All people,1161
Shetland Islands,2010,All people,266
South Ayrshire,2010,All people,1035
South Lanarkshire,2010,All people,3418
Stirling,2010,All people,836
West Dunbartonshire,2010,All people,1044
West Lothian,2010,All people,2168
Aberdeen City,2010,Female,1278
Aberdeenshire,2010,Female,1366
Angus,2010,Female,556
Argyll and Bute,2010,Female,371
City of Edinburgh,2010,Female,2792
Clackmannanshire,2010,Female,333
Dumfries and Galloway,2010,Female,697
Dundee City,2010,Female,834
East Ayrshire,2010,Female,653
East Dunbartonshire,2010,Female,457
East Lothian,2010,Female,560
East Renfrewshire,2010,Female,430
Falkirk,2010,Female,925
Fife,2010,Female,1981
Glasgow City,2010,Female,3731
Highland,2010,Female,1217
Inverclyde,2010,Female,380
Midlothian,2010,Female,499
Moray,2010,Female,452
Na h-Eileanan Siar,2010,Female,104
North Ayrshire,2010,Female,721
North Lanarkshire,2010,Female,1943
Orkney Islands,2010,Female,86
Perth and Kinross,2010,Female,729
Renfrewshire,2010,Female,980
Scotland,2010,Female,28919
Scottish Borders,2010,Female,565
Shetland Islands,2010,Female,122
South Ayrshire,2010,Female,516
South Lanarkshire,2010,Female,1687
Stirling,2010,Female,400
West Dunbartonshire,2010,Female,497
West Lothian,2010,Female,1057
Aberdeen City,2010,Male,1321
Aberdeenshire,2010,Male,1361
Angus,2010,Male,540
Argyll and Bute,2010,Male,392
City of Edinburgh,2010,Male,2760
Clackmannanshire,2010,Male,287
Dumfries and Galloway,2010,Male,748
Dundee City,2010,Male,911
East Ayrshire,2010,Male,681
East Dunbartonshire,2010,Male,467
East Lothian,2010,Male,563
East Renfrewshire,2010,Male,442
Falkirk,2010,Male,949
Fife,2010,Male,2191
Glasgow City,2010,Male,3834
Highland,2010,Male,1250
Inverclyde,2010,Male,411
Midlothian,2010,Male,495
Moray,2010,Male,476
Na h-Eileanan Siar,2010,Male,131
North Ayrshire,2010,Male,729
North Lanarkshire,2010,Male,1986
Orkney Islands,2010,Male,111
Perth and Kinross,2010,Male,737
Renfrewshire,2010,Male,1015
Scotland,2010,Male,29872
Scottish Borders,2010,Male,596
Shetland Islands,2010,Male,144
South Ayrshire,2010,Male,519
South Lanarkshire,2010,Male,1731
Stirling,2010,Male,436
West Dunbartonshire,2010,Male,547
West Lothian,2010,Male,1111
Aberdeen City,2011,All people,2608
Aberdeenshire,2011,All people,2695
Angus,2011,All people,1155
Argyll and Bute,2011,All people,745
City of Edinburgh,2011,All people,5560
Clackmannanshire,2011,All people,564
Dumfries and Galloway,2011,All people,1396
Dundee City,2011,All people,1765
East Ayrshire,2011,All people,1362
East Dunbartonshire,2011,All people,924
East Lothian,2011,All people,1126
East Renfrewshire,2011,All people,807
Falkirk,2011,All people,1757
Fife,2011,All people,4268
Glasgow City,2011,All people,7631
Highland,2011,All people,2345
Inverclyde,2011,All people,814
Midlothian,2011,All people,979
Moray,2011,All people,973
Na h-Eileanan Siar,2011,All people,235
North Ayrshire,2011,All people,1452
North Lanarkshire,2011,All people,3993
Orkney Islands,2011,All people,205
Perth and Kinross,2011,All people,1447
Renfrewshire,2011,All people,1828
Scotland,2011,All people,58590
Scottish Borders,2011,All people,1108
Shetland Islands,2011,All people,242
South Ayrshire,2011,All people,1073
South Lanarkshire,2011,All people,3502
Stirling,2011,All people,833
West Dunbartonshire,2011,All people,1064
West Lothian,2011,All people,2134
Aberdeen City,2011,Female,1253
Aberdeenshire,2011,Female,1292
Angus,2011,Female,586
Argyll and Bute,2011,Female,367
City of Edinburgh,2011,Female,2733
Clackmannanshire,2011,Female,264
Dumfries and Galloway,2011,Female,697
Dundee City,2011,Female,889
East Ayrshire,2011,Female,667
East Dunbartonshire,2011,Female,426
East Lothian,2011,Female,566
East Renfrewshire,2011,Female,384
Falkirk,2011,Female,854
Fife,2011,Female,2057
Glasgow City,2011,Female,3744
Highland,2011,Female,1141
Inverclyde,2011,Female,377
Midlothian,2011,Female,469
Moray,2011,Female,471
Na h-Eileanan Siar,2011,Female,103
North Ayrshire,2011,Female,709
North Lanarkshire,2011,Female,1926
Orkney Islands,2011,Female,107
Perth and Kinross,2011,Female,695
Renfrewshire,2011,Female,918
Scotland,2011,Female,28479
Scottish Borders,2011,Female,514
Shetland Islands,2011,Female,111
South Ayrshire,2011,Female,531
South Lanarkshire,2011,Female,1672
Stirling,2011,Female,421
West Dunbartonshire,2011,Female,530
West Lothian,2011,Female,1005
Aberdeen City,2011,Male,1355
Aberdeenshire,2011,Male,1403
Angus,2011,Male,569
Argyll and Bute,2011,Male,378
City of Edinburgh,2011,Male,2827
Clackmannanshire,2011,Male,300
Dumfries and Galloway,2011,Male,699
Dundee City,2011,Male,876
East Ayrshire,2011,Male,695
East Dunbartonshire,2011,Male,498
East Lothian,2011,Male,560
East Renfrewshire,2011,Male,423
Falkirk,2011,Male,903
Fife,2011,Male,2211
Glasgow City,2011,Male,3887
Highland,2011,Male,1204
Inverclyde,2011,Male,437
Midlothian,2011,Male,510
Moray,2011,Male,502
Na h-Eileanan Siar,2011,Male,132
North Ayrshire,2011,Male,743
North Lanarkshire,2011,Male,2067
Orkney Islands,2011,Male,98
Perth and Kinross,2011,Male,752
Renfrewshire,2011,Male,910
Scotland,2011,Male,30111
Scottish Borders,2011,Male,594
Shetland Islands,2011,Male,131
South Ayrshire,2011,Male,542
South Lanarkshire,2011,Male,1830
Stirling,2011,Male,412
West Dunbartonshire,2011,Male,534
West Lothian,2011,Male,1129
Aberdeen City,2012,All people,2688
Aberdeenshire,2012,All people,2867
Angus,2012,All people,1156
Argyll and Bute,2012,All people,765
City of Edinburgh,2012,All people,5606
Clackmannanshire,2012,All people,627
Dumfries and Galloway,2012,All people,1390
Dundee City,2012,All people,1718
East Ayrshire,2012,All people,1358
East Dunbartonshire,2012,All people,894
East Lothian,2012,All people,1079
East Renfrewshire,2012,All people,881
Falkirk,2012,All people,1806
Fife,2012,All people,4019
Glasgow City,2012,All people,7543
Highland,2012,All people,2380
Inverclyde,2012,All people,766
Midlothian,2012,All people,1060
Moray,2012,All people,915
Na h-Eileanan Siar,2012,All people,237
North Ayrshire,2012,All people,1346
North Lanarkshire,2012,All people,3740
Orkney Islands,2012,All people,201
Perth and Kinross,2012,All people,1277
Renfrewshire,2012,All people,1960
Scotland,2012,All people,58027
Scottish Borders,2012,All people,1140
Shetland Islands,2012,All people,276
South Ayrshire,2012,All people,997
South Lanarkshire,2012,All people,3375
Stirling,2012,All people,821
West Dunbartonshire,2012,All people,1054
West Lothian,2012,All people,2085
Aberdeen City,2012,Female,1334
Aberdeenshire,2012,Female,1425
Angus,2012,Female,556
Argyll and Bute,2012,Female,383
City of Edinburgh,2012,Female,2702
Clackmannanshire,2012,Female,292
Dumfries and Galloway,2012,Female,656
Dundee City,2012,Female,839
East Ayrshire,2012,Female,636
East Dunbartonshire,2012,Female,442
East Lothian,2012,Female,525
East Renfrewshire,2012,Female,411
Falkirk,2012,Female,863
Fife,2012,Female,1893
Glasgow City,2012,Female,3762
Highland,2012,Female,1164
Inverclyde,2012,Female,364
Midlothian,2012,Female,533
Moray,2012,Female,459
Na h-Eileanan Siar,2012,Female,113
North Ayrshire,2012,Female,670
North Lanarkshire,2012,Female,1846
Orkney Islands,2012,Female,81
Perth and Kinross,2012,Female,644
Renfrewshire,2012,Female,939
Scotland,2012,Female,28314
Scottish Borders,2012,Female,560
Shetland Islands,2012,Female,124
South Ayrshire,2012,Female,500
South Lanarkshire,2012,Female,1633
Stirling,2012,Female,422
West Dunbartonshire,2012,Female,504
West Lothian,2012,Female,1039
Aberdeen City,2012,Male,1354
Aberdeenshire,2012,Male,1442
Angus,2012,Male,600
Argyll and Bute,2012,Male,382
City of Edinburgh,2012,Male,2904
Clackmannanshire,2012,Male,335
Dumfries and Galloway,2012,Male,734
Dundee City,2012,Male,879
East Ayrshire,2012,Male,722
East Dunbartonshire,2012,Male,452
East Lothian,2012,Male,554
East Renfrewshire,2012,Male,470
Falkirk,2012,Male,943
Fife,2012,Male,2126
Glasgow City,2012,Male,3781
Highland,2012,Male,1216
Inverclyde,2012,Male,402
Midlothian,2012,Male,527
Moray,2012,Male,456
Na h-Eileanan Siar,2012,Male,124
North Ayrshire,2012,Male,676
North Lanarkshire,2012,Male,1894
Orkney Islands,2012,Male,120
Perth and Kinross,2012,Male,633
Renfrewshire,2012,Male,1021
Scotland,2012,Male,29713
Scottish Borders,2012,Male,580
Shetland Islands,2012,Male,152
South Ayrshire,2012,Male,497
South Lanarkshire,2012,Male,1742
Stirling,2012,Male,399
West Dunbartonshire,2012,Male,550
West Lothian,2012,Male,1046
Aberdeen City,2013,All people,2500
Aberdeenshire,2013,All people,2697
Angus,2013,All people,1111
Argyll and Bute,2013,All people,709
City of Edinburgh,2013,All people,5486
Clackmannanshire,2013,All people,550
Dumfries and Galloway,2013,All people,1327
Dundee City,2013,All people,1590
East Ayrshire,2013,All people,1342
East Dunbartonshire,2013,All people,925
East Lothian,2013,All people,1057
East Renfrewshire,2013,All people,880
Falkirk,2013,All people,1668
Fife,2013,All people,3872
Glasgow City,2013,All people,7254
Highland,2013,All people,2233
Inverclyde,2013,All people,754
Midlothian,2013,All people,1016
Moray,2013,All people,956
Na h-Eileanan Siar,2013,All people,246
North Ayrshire,2013,All people,1307
North Lanarkshire,2013,All people,3738
Orkney Islands,2013,All people,201
Perth and Kinross,2013,All people,1320
Renfrewshire,2013,All people,1791
Scotland,2013,All people,56014
Scottish Borders,2013,All people,1138
Shetland Islands,2013,All people,261
South Ayrshire,2013,All people,998
South Lanarkshire,2013,All people,3272
Stirling,2013,All people,807
West Dunbartonshire,2013,All people,979
West Lothian,2013,All people,2029
Aberdeen City,2013,Female,1209
Aberdeenshire,2013,Female,1328
Angus,2013,Female,554
Argyll and Bute,2013,Female,346
City of Edinburgh,2013,Female,2630
Clackmannanshire,2013,Female,263
Dumfries and Galloway,2013,Female,633
Dundee City,2013,Female,770
East Ayrshire,2013,Female,652
East Dunbartonshire,2013,Female,457
East Lothian,2013,Female,521
East Renfrewshire,2013,Female,453
Falkirk,2013,Female,812
Fife,2013,Female,1911
Glasgow City,2013,Female,3451
Highland,2013,Female,1092
Inverclyde,2013,Female,398
Midlothian,2013,Female,526
Moray,2013,Female,462
Na h-Eileanan Siar,2013,Female,116
North Ayrshire,2013,Female,609
North Lanarkshire,2013,Female,1794
Orkney Islands,2013,Female,91
Perth and Kinross,2013,Female,635
Renfrewshire,2013,Female,853
Scotland,2013,Female,27186
Scottish Borders,2013,Female,567
Shetland Islands,2013,Female,134
South Ayrshire,2013,Female,444
South Lanarkshire,2013,Female,1602
Stirling,2013,Female,387
West Dunbartonshire,2013,Female,481
West Lothian,2013,Female,1005
Aberdeen City,2013,Male,1291
Aberdeenshire,2013,Male,1369
Angus,2013,Male,557
Argyll and Bute,2013,Male,363
City of Edinburgh,2013,Male,2856
Clackmannanshire,2013,Male,287
Dumfries and Galloway,2013,Male,694
Dundee City,2013,Male,820
East Ayrshire,2013,Male,690
East Dunbartonshire,2013,Male,468
East Lothian,2013,Male,536
East Renfrewshire,2013,Male,427
Falkirk,2013,Male,856
Fife,2013,Male,1961
Glasgow City,2013,Male,3803
Highland,2013,Male,1141
Inverclyde,2013,Male,356
Midlothian,2013,Male,490
Moray,2013,Male,494
Na h-Eileanan Siar,2013,Male,130
North Ayrshire,2013,Male,698
North Lanarkshire,2013,Male,1944
Orkney Islands,2013,Male,110
Perth and Kinross,2013,Male,685
Renfrewshire,2013,Male,938
Scotland,2013,Male,28828
Scottish Borders,2013,Male,571
Shetland Islands,2013,Male,127
South Ayrshire,2013,Male,554
South Lanarkshire,2013,Male,1670
Stirling,2013,Male,420
West Dunbartonshire,2013,Male,498
West Lothian,2013,Male,1024
Aberdeen City,2014,All people,2565
Aberdeenshire,2014,All people,2836
Angus,2014,All people,1146
Argyll and Bute,2014,All people,727
City of Edinburgh,2014,All people,5554
Clackmannanshire,2014,All people,557
Dumfries and Galloway,2014,All people,1286
Dundee City,2014,All people,1715
East Ayrshire,2014,All people,1254
East Dunbartonshire,2014,All people,927
East Lothian,2014,All people,1012
East Renfrewshire,2014,All people,853
Falkirk,2014,All people,1716
Fife,2014,All people,3889
Glasgow City,2014,All people,7465
Highland,2014,All people,2310
Inverclyde,2014,All people,744
Midlothian,2014,All people,1033
Moray,2014,All people,931
Na h-Eileanan Siar,2014,All people,226
North Ayrshire,2014,All people,1284
North Lanarkshire,2014,All people,3719
Orkney Islands,2014,All people,181
Perth and Kinross,2014,All people,1357
Renfrewshire,2014,All people,1813
Scotland,2014,All people,56725
Scottish Borders,2014,All people,1081
Shetland Islands,2014,All people,253
South Ayrshire,2014,All people,1033
South Lanarkshire,2014,All people,3402
Stirling,2014,All people,841
West Dunbartonshire,2014,All people,986
West Lothian,2014,All people,2029
Aberdeen City,2014,Female,1231
Aberdeenshire,2014,Female,1352
Angus,2014,Female,536
Argyll and Bute,2014,Female,368
City of Edinburgh,2014,Female,2742
Clackmannanshire,2014,Female,251
Dumfries and Galloway,2014,Female,608
Dundee City,2014,Female,864
East Ayrshire,2014,Female,611
East Dunbartonshire,2014,Female,489
East Lothian,2014,Female,518
East Renfrewshire,2014,Female,390
Falkirk,2014,Female,840
Fife,2014,Female,1882
Glasgow City,2014,Female,3642
Highland,2014,Female,1126
Inverclyde,2014,Female,346
Midlothian,2014,Female,512
Moray,2014,Female,459
Na h-Eileanan Siar,2014,Female,111
North Ayrshire,2014,Female,651
North Lanarkshire,2014,Female,1848
Orkney Islands,2014,Female,72
Perth and Kinross,2014,Female,608
Renfrewshire,2014,Female,895
Scotland,2014,Female,27669
Scottish Borders,2014,Female,550
Shetland Islands,2014,Female,139
South Ayrshire,2014,Female,515
South Lanarkshire,2014,Female,1633
Stirling,2014,Female,413
West Dunbartonshire,2014,Female,481
West Lothian,2014,Female,986
Aberdeen City,2014,Male,1334
Aberdeenshire,2014,Male,1484
Angus,2014,Male,610
Argyll and Bute,2014,Male,359
City of Edinburgh,2014,Male,2812
Clackmannanshire,2014,Male,306
Dumfries and Galloway,2014,Male,678
Dundee City,2014,Male,851
East Ayrshire,2014,Male,643
East Dunbartonshire,2014,Male,438
East Lothian,2014,Male,494
East Renfrewshire,2014,Male,463
Falkirk,2014,Male,876
Fife,2014,Male,2007
Glasgow City,2014,Male,3823
Highland,2014,Male,1184
Inverclyde,2014,Male,398
Midlothian,2014,Male,521
Moray,2014,Male,472
Na h-Eileanan Siar,2014,Male,115
North Ayrshire,2014,Male,633
North Lanarkshire,2014,Male,1871
Orkney Islands,2014,Male,109
Perth and Kinross,2014,Male,749
Renfrewshire,2014,Male,918
Scotland,2014,Male,29056
Scottish Borders,2014,Male,531
Shetland Islands,2014,Male,114
South Ayrshire,2014,Male,518
South Lanarkshire,2014,Male,1769
Stirling,2014,Male,428
West Dunbartonshire,2014,Male,505
West Lothian,2014,Male,1043
Aberdeen City,2015,All people,2609
Aberdeenshire,2015,All people,2891
Angus,2015,All people,1065
Argyll and Bute,2015,All people,688
City of Edinburgh,2015,All people,5274
Clackmannanshire,2015,All people,553
Dumfries and Galloway,2015,All people,1256
Dundee City,2015,All people,1555
East Ayrshire,2015,All people,1327
East Dunbartonshire,2015,All people,971
East Lothian,2015,All people,1061
East Renfrewshire,2015,All people,871
Falkirk,2015,All people,1594
Fife,2015,All people,3755
Glasgow City,2015,All people,7086
Highland,2015,All people,2220
Inverclyde,2015,All people,711
Midlothian,2015,All people,1082
Moray,2015,All people,905
Na h-Eileanan Siar,2015,All people,222
North Ayrshire,2015,All people,1255
North Lanarkshire,2015,All people,3716
Orkney Islands,2015,All people,191
Perth and Kinross,2015,All people,1357
Renfrewshire,2015,All people,1712
Scotland,2015,All people,55098
Scottish Borders,2015,All people,1037
Shetland Islands,2015,All people,234
South Ayrshire,2015,All people,1030
South Lanarkshire,2015,All people,3185
Stirling,2015,All people,792
West Dunbartonshire,2015,All people,924
West Lothian,2015,All people,1969
Aberdeen City,2015,Female,1265
Aberdeenshire,2015,Female,1432
Angus,2015,Female,471
Argyll and Bute,2015,Female,331
City of Edinburgh,2015,Female,2534
Clackmannanshire,2015,Female,270
Dumfries and Galloway,2015,Female,623
Dundee City,2015,Female,768
East Ayrshire,2015,Female,632
East Dunbartonshire,2015,Female,461
East Lothian,2015,Female,534
East Renfrewshire,2015,Female,432
Falkirk,2015,Female,737
Fife,2015,Female,1863
Glasgow City,2015,Female,3473
Highland,2015,Female,1064
Inverclyde,2015,Female,342
Midlothian,2015,Female,498
Moray,2015,Female,438
Na h-Eileanan Siar,2015,Female,105
North Ayrshire,2015,Female,596
North Lanarkshire,2015,Female,1802
Orkney Islands,2015,Female,96
Perth and Kinross,2015,Female,661
Renfrewshire,2015,Female,836
Scotland,2015,Female,26744
Scottish Borders,2015,Female,526
Shetland Islands,2015,Female,112
South Ayrshire,2015,Female,521
South Lanarkshire,2015,Female,1545
Stirling,2015,Female,377
West Dunbartonshire,2015,Female,463
West Lothian,2015,Female,936
Aberdeen City,2015,Male,1344
Aberdeenshire,2015,Male,1459
Angus,2015,Male,594
Argyll and Bute,2015,Male,357
City of Edinburgh,2015,Male,2740
Clackmannanshire,2015,Male,283
Dumfries and Galloway,2015,Male,633
Dundee City,2015,Male,787
East Ayrshire,2015,Male,695
East Dunbartonshire,2015,Male,510
East Lothian,2015,Male,527
East Renfrewshire,2015,Male,439
Falkirk,2015,Male,857
Fife,2015,Male,1892
Glasgow City,2015,Male,3613
Highland,2015,Male,1156
Inverclyde,2015,Male,369
Midlothian,2015,Male,584
Moray,2015,Male,467
Na h-Eileanan Siar,2015,Male,117
North Ayrshire,2015,Male,659
North Lanarkshire,2015,Male,1914
Orkney Islands,2015,Male,95
Perth and Kinross,2015,Male,696
Renfrewshire,2015,Male,876
Scotland,2015,Male,28354
Scottish Borders,2015,Male,511
Shetland Islands,2015,Male,122
South Ayrshire,2015,Male,509
South Lanarkshire,2015,Male,1640
Stirling,2015,Male,415
West Dunbartonshire,2015,Male,461
West Lothian,2015,Male,1033
Aberdeen City,2016,All people,2521
Aberdeenshire,2016,All people,2811
Angus,2016,All people,1025
Argyll and Bute,2016,All people,699
City of Edinburgh,2016,All people,5300
Clackmannanshire,2016,All people,505
Dumfries and Galloway,2016,All people,1318
Dundee City,2016,All people,1576
East Ayrshire,2016,All people,1275
East Dunbartonshire,2016,All people,951
East Lothian,2016,All people,1041
East Renfrewshire,2016,All people,861
Falkirk,2016,All people,1565
Fife,2016,All people,3739
Glasgow City,2016,All people,6833
Highland,2016,All people,2150
Inverclyde,2016,All people,706
Midlothian,2016,All people,1088
Moray,2016,All people,939
Na h-Eileanan Siar,2016,All people,238
North Ayrshire,2016,All people,1244
North Lanarkshire,2016,All people,3511
Orkney Islands,2016,All people,178
Perth and Kinross,2016,All people,1325
Renfrewshire,2016,All people,1773
Scotland,2016,All people,54488
Scottish Borders,2016,All people,1005
Shetland Islands,2016,All people,266
South Ayrshire,2016,All people,976
South Lanarkshire,2016,All people,3315
Stirling,2016,All people,807
West Dunbartonshire,2016,All people,958
West Lothian,2016,All people,1989
Aberdeen City,2016,Female,1236
Aberdeenshire,2016,Female,1336
Angus,2016,Female,485
Argyll and Bute,2016,Female,343
City of Edinburgh,2016,Female,2584
Clackmannanshire,2016,Female,237
Dumfries and Galloway,2016,Female,663
Dundee City,2016,Female,734
East Ayrshire,2016,Female,606
East Dunbartonshire,2016,Female,461
East Lothian,2016,Female,486
East Renfrewshire,2016,Female,419
Falkirk,2016,Female,733
Fife,2016,Female,1809
Glasgow City,2016,Female,3328
Highland,2016,Female,1021
Inverclyde,2016,Female,330
Midlothian,2016,Female,525
Moray,2016,Female,441
Na h-Eileanan Siar,2016,Female,112
North Ayrshire,2016,Female,593
North Lanarkshire,2016,Female,1687
Orkney Islands,2016,Female,89
Perth and Kinross,2016,Female,652
Renfrewshire,2016,Female,844
Scotland,2016,Female,26252
Scottish Borders,2016,Female,483
Shetland Islands,2016,Female,125
South Ayrshire,2016,Female,474
South Lanarkshire,2016,Female,1575
Stirling,2016,Female,403
West Dunbartonshire,2016,Female,471
West Lothian,2016,Female,967
Aberdeen City,2016,Male,1285
Aberdeenshire,2016,Male,1475
Angus,2016,Male,540
Argyll and Bute,2016,Male,356
City of Edinburgh,2016,Male,2716
Clackmannanshire,2016,Male,268
Dumfries and Galloway,2016,Male,655
Dundee City,2016,Male,842
East Ayrshire,2016,Male,669
East Dunbartonshire,2016,Male,490
East Lothian,2016,Male,555
East Renfrewshire,2016,Male,442
Falkirk,2016,Male,832
Fife,2016,Male,1930
Glasgow City,2016,Male,3505
Highland,2016,Male,1129
Inverclyde,2016,Male,376
Midlothian,2016,Male,563
Moray,2016,Male,498
Na h-Eileanan Siar,2016,Male,126
North Ayrshire,2016,Male,651
North Lanarkshire,2016,Male,1824
Orkney Islands,2016,Male,89
Perth and Kinross,2016,Male,673
Renfrewshire,2016,Male,929
Scotland,2016,Male,28236
Scottish Borders,2016,Male,522
Shetland Islands,2016,Male,141
South Ayrshire,2016,Male,502
South Lanarkshire,2016,Male,1740
Stirling,2016,Male,404
West Dunbartonshire,2016,Male,487
West Lothian,2016,Male,1022
Aberdeen City,2017,All people,2402
Aberdeenshire,2017,All people,2659
Angus,2017,All people,1054
Argyll and Bute,2017,All people,665
City of Edinburgh,2017,All people,5033
Clackmannanshire,2017,All people,536
Dumfries and Galloway,2017,All people,1248
Dundee City,2017,All people,1493
East Ayrshire,2017,All people,1151
East Dunbartonshire,2017,All people,1036
East Lothian,2017,All people,971
East Renfrewshire,2017,All people,886
Falkirk,2017,All people,1567
Fife,2017,All people,3465
Glasgow City,2017,All people,6852
Highland,2017,All people,2089
Inverclyde,2017,All people,667
Midlothian,2017,All people,1107
Moray,2017,All people,856
Na h-Eileanan Siar,2017,All people,215
North Ayrshire,2017,All people,1193
North Lanarkshire,2017,All people,3558
Orkney Islands,2017,All people,184
Perth and Kinross,2017,All people,1210
Renfrewshire,2017,All people,1794
Scotland,2017,All people,52861
Scottish Borders,2017,All people,989
Shetland Islands,2017,All people,218
South Ayrshire,2017,All people,937
South Lanarkshire,2017,All people,3205
Stirling,2017,All people,804
West Dunbartonshire,2017,All people,891
West Lothian,2017,All people,1926
Aberdeen City,2017,Female,1154
Aberdeenshire,2017,Female,1309
Angus,2017,Female,514
Argyll and Bute,2017,Female,303
City of Edinburgh,2017,Female,2459
Clackmannanshire,2017,Female,264
Dumfries and Galloway,2017,Female,609
Dundee City,2017,Female,727
East Ayrshire,2017,Female,542
East Dunbartonshire,2017,Female,474
East Lothian,2017,Female,474
East Renfrewshire,2017,Female,427
Falkirk,2017,Female,775
Fife,2017,Female,1677
Glasgow City,2017,Female,3294
Highland,2017,Female,1039
Inverclyde,2017,Female,326
Midlothian,2017,Female,542
Moray,2017,Female,403
Na h-Eileanan Siar,2017,Female,99
North Ayrshire,2017,Female,577
North Lanarkshire,2017,Female,1762
Orkney Islands,2017,Female,99
Perth and Kinross,2017,Female,602
Renfrewshire,2017,Female,916
Scotland,2017,Female,25646
Scottish Borders,2017,Female,498
Shetland Islands,2017,Female,113
South Ayrshire,2017,Female,456
South Lanarkshire,2017,Female,1527
Stirling,2017,Female,370
West Dunbartonshire,2017,Female,427
West Lothian,2017,Female,888
Aberdeen City,2017,Male,1248
Aberdeenshire,2017,Male,1350
Angus,2017,Male,540
Argyll and Bute,2017,Male,362
City of Edinburgh,2017,Male,2574
Clackmannanshire,2017,Male,272
Dumfries and Galloway,2017,Male,639
Dundee City,2017,Male,766
East Ayrshire,2017,Male,609
East Dunbartonshire,2017,Male,562
East Lothian,2017,Male,497
East Renfrewshire,2017,Male,459
Falkirk,2017,Male,792
Fife,2017,Male,1788
Glasgow City,2017,Male,3558
Highland,2017,Male,1050
Inverclyde,2017,Male,341
Midlothian,2017,Male,565
Moray,2017,Male,453
Na h-Eileanan Siar,2017,Male,116
North Ayrshire,2017,Male,616
North Lanarkshire,2017,Male,1796
Orkney Islands,2017,Male,85
Perth and Kinross,2017,Male,608
Renfrewshire,2017,Male,878
Scotland,2017,Male,27215
Scottish Borders,2017,Male,491
Shetland Islands,2017,Male,105
South Ayrshire,2017,Male,481
South Lanarkshire,2017,Male,1678
Stirling,2017,Male,434
West Dunbartonshire,2017,Male,464
West Lothian,2017,Male,1038
Aberdeen City,2018,All people,2337
Aberdeenshire,2018,All people,2697
Angus,2018,All people,964
Argyll and Bute,2018,All people,648
City of Edinburgh,2018,All people,4899
Clackmannanshire,2018,All people,465
Dumfries and Galloway,2018,All people,1198
Dundee City,2018,All people,1488
East Ayrshire,2018,All people,1176
East Dunbartonshire,2018,All people,950
East Lothian,2018,All people,1020
East Renfrewshire,2018,All people,854
Falkirk,2018,All people,1493
Fife,2018,All people,3479
Glasgow City,2018,All people,6548
Highland,2018,All people,2005
Inverclyde,2018,All people,689
Midlothian,2018,All people,1075
Moray,2018,All people,825
Na h-Eileanan Siar,2018,All people,206
North Ayrshire,2018,All people,1125
North Lanarkshire,2018,All people,3387
Orkney Islands,2018,All people,186
Perth and Kinross,2018,All people,1217
Renfrewshire,2018,All people,1697
Scotland,2018,All people,51308
Scottish Borders,2018,All people,984
Shetland Islands,2018,All people,215
South Ayrshire,2018,All people,932
South Lanarkshire,2018,All people,3153
Stirling,2018,All people,757
West Dunbartonshire,2018,All people,885
West Lothian,2018,All people,1754
Aberdeen City,2018,Female,1135
Aberdeenshire,2018,Female,1288
Angus,2018,Female,442
Argyll and Bute,2018,Female,298
City of Edinburgh,2018,Female,2402
Clackmannanshire,2018,Female,219
Dumfries and Galloway,2018,Female,606
Dundee City,2018,Female,715
East Ayrshire,2018,Female,588
East Dunbartonshire,2018,Female,471
East Lothian,2018,Female,482
East Renfrewshire,2018,Female,416
Falkirk,2018,Female,717
Fife,2018,Female,1699
Glasgow City,2018,Female,3260
Highland,2018,Female,960
Inverclyde,2018,Female,335
Midlothian,2018,Female,558
Moray,2018,Female,385
Na h-Eileanan Siar,2018,Female,97
North Ayrshire,2018,Female,543
North Lanarkshire,2018,Female,1644
Orkney Islands,2018,Female,92
Perth and Kinross,2018,Female,615
Renfrewshire,2018,Female,802
Scotland,2018,Female,24976
Scottish Borders,2018,Female,451
Shetland Islands,2018,Female,103
South Ayrshire,2018,Female,460
South Lanarkshire,2018,Female,1562
Stirling,2018,Female,362
West Dunbartonshire,2018,Female,434
West Lothian,2018,Female,835
Aberdeen City,2018,Male,1202
Aberdeenshire,2018,Male,1409
Angus,2018,Male,522
Argyll and Bute,2018,Male,350
City of Edinburgh,2018,Male,2497
Clackmannanshire,2018,Male,246
Dumfries and Galloway,2018,Male,592
Dundee City,2018,Male,773
East Ayrshire,2018,Male,588
East Dunbartonshire,2018,Male,479
East Lothian,2018,Male,538
East Renfrewshire,2018,Male,438
Falkirk,2018,Male,776
Fife,2018,Male,1780
Glasgow City,2018,Male,3288
Highland,2018,Male,1045
Inverclyde,2018,Male,354
Midlothian,2018,Male,517
Moray,2018,Male,440
Na h-Eileanan Siar,2018,Male,109
North Ayrshire,2018,Male,582
North Lanarkshire,2018,Male,1743
Orkney Islands,2018,Male,94
Perth and Kinross,2018,Male,602
Renfrewshire,2018,Male,895
Scotland,2018,Male,26332
Scottish Borders,2018,Male,533
Shetland Islands,2018,Male,112
South Ayrshire,2018,Male,472
South Lanarkshire,2018,Male,1591
Stirling,2018,Male,395
West Dunbartonshire,2018,Male,451
West Lothian,2018,Male,919
Scotland,2019,All people,49863
Aberdeen City,2019,All people,2260
Aberdeenshire,2019,All people,2400
Angus,2019,All people,965
Argyll and Bute,2019,All people,631
City of Edinburgh,2019,All people,4683
Clackmannanshire,2019,All people,414
Dumfries and Galloway,2019,All people,1153
Dundee City,2019,All people,1417
East Ayrshire,2019,All people,1176
East Dunbartonshire,2019,All people,910
East Lothian,2019,All people,973
East Renfrewshire,2019,All people,808
Falkirk,2019,All people,1460
Fife,2019,All people,3325
Glasgow City,2019,All people,6553
Highland,2019,All people,1966
Inverclyde,2019,All people,615
Midlothian,2019,All people,1057
Moray,2019,All people,816
Na h-Eileanan Siar,2019,All people,200
North Ayrshire,2019,All people,1124
North Lanarkshire,2019,All people,3438
Orkney Islands,2019,All people,182
Perth and Kinross,2019,All people,1197
Renfrewshire,2019,All people,1693
Scottish Borders,2019,All people,916
Shetland Islands,2019,All people,205
South Ayrshire,2019,All people,837
South Lanarkshire,2019,All people,3109
Stirling,2019,All people,737
West Dunbartonshire,2019,All people,845
West Lothian,2019,All people,1798
Scotland,2019,Female,24176
Aberdeen City,2019,Female,1114
Aberdeenshire,2019,Female,1183
Angus,2019,Female,456
Argyll and Bute,2019,Female,301
City of Edinburgh,2019,Female,2231
Clackmannanshire,2019,Female,206
Dumfries and Galloway,2019,Female,548
Dundee City,2019,Female,692
East Ayrshire,2019,Female,581
East Dunbartonshire,2019,Female,439
East Lothian,2019,Female,468
East Renfrewshire,2019,Female,380
Falkirk,2019,Female,684
Fife,2019,Female,1599
Glasgow City,2019,Female,3213
Highland,2019,Female,933
Inverclyde,2019,Female,299
Midlothian,2019,Female,525
Moray,2019,Female,410
Na h-Eileanan Siar,2019,Female,109
North Ayrshire,2019,Female,547
North Lanarkshire,2019,Female,1700
Orkney Islands,2019,Female,81
Perth and Kinross,2019,Female,563
Renfrewshire,2019,Female,814
Scottish Borders,2019,Female,434
Shetland Islands,2019,Female,106
South Ayrshire,2019,Female,411
South Lanarkshire,2019,Female,1526
Stirling,2019,Female,357
West Dunbartonshire,2019,Female,390
West Lothian,2019,Female,876
Scotland,2019,Male,25687
Aberdeen City,2019,Male,1146
Aberdeenshire,2019,Male,1217
Angus,2019,Male,509
Argyll and Bute,2019,Male,330
City of Edinburgh,2019,Male,2452
Clackmannanshire,2019,Male,208
Dumfries and Galloway,2019,Male,605
Dundee City,2019,Male,725
East Ayrshire,2019,Male,595
East Dunbartonshire,2019,Male,471
East Lothian,2019,Male,505
East Renfrewshire,2019,Male,428
Falkirk,2019,Male,776
Fife,2019,Male,1726
Glasgow City,2019,Male,3340
Highland,2019,Male,1033
Inverclyde,2019,Male,316
Midlothian,2019,Male,532
Moray,2019,Male,406
Na h-Eileanan Siar,2019,Male,91
North Ayrshire,2019,Male,577
North Lanarkshire,2019,Male,1738
Orkney Islands,2019,Male,101
Perth and Kinross,2019,Male,634
Renfrewshire,2019,Male,879
Scottish Borders,2019,Male,482
Shetland Islands,2019,Male,99
South Ayrshire,2019,Male,426
South Lanarkshire,2019,Male,1583
Stirling,2019,Male,380
West Dunbartonshire,2019,Male,455
West Lothian,2019,Male,922
,,,
 Crown Copyright 2020,,,
